Time Snap,Actual Capacity,Entering Fluid temp,Leaving Fluid temp,EVAP PRESS COMP1,EVAP PRESS COMP2,COND REF PRESS COMP1,COND REF PRESS COMP2,OIL Pressure COMP1,OIL Pressure COMP2,DP,COND SAT TEMP COMP 1,COND SAT TEMP COMP 2,EVAP SAT TEMP COM1,EVAP SAT TEMP COM2,EXPV Position COM 1,EXPV Position COM 2,SUCTION TEMP COMP 1,SUCTION TEMP COMP 2,DISCHARGE TEMP COMP 1,DISCHARGE TEMP COMP 2,SUCTION SH    COMP 1,SUCTION SH    COMP 2,DISCH     SH    COMP 1,DISCH    SH    COMP 2
02-Jan-18 1:45:00 PM IST,45,11.5,8.4,272.2,272.2,671.8,1163,304.5,1083.1,0.27,30.1,48.2,6.9,3.5,5,55,25.4,8.9,58.6,61.1,18.5,5.4,28.5,12.9
02-Jan-18 1:45:10 PM IST,45,11.5,8.4,272.2,272.2,671.8,1156.1,304.5,1075.5,0.26,30.1,48,6.9,3.2,5,56,25.4,8.9,58.6,61.1,18.5,5.7,28.5,13.1
02-Jan-18 1:45:20 PM IST,45,11.5,8.3,272.2,272.2,669.7,1154.1,304.5,1070,0.27,30.1,47.9,6.9,3.1,5,57,25.4,9.2,58.6,61.2,18.5,6.1,28.5,13.3
02-Jan-18 1:45:31 PM IST,45,11.5,8.2,272.2,272.2,669.7,1141,305.9,1060.4,0.26,30.1,47.6,7,3.2,5,58,25.4,9.6,58.6,61.4,18.4,6.4,28.5,13.8
02-Jan-18 1:45:40 PM IST,45,11.6,8.3,273.5,273.5,669.7,1139.6,305.9,1059,0.27,30.1,47.6,7,3.4,5,58,25.4,9.7,58.6,61.4,18.4,6.3,28.5,13.8
02-Jan-18 1:45:50 PM IST,45,11.6,8.4,273.5,273.5,670.4,1150.6,305.9,1071.4,0.26,30.1,48.1,7.1,3.6,5,58,25.4,9.6,58.6,61.3,18.3,6,28.5,13.2
02-Jan-18 1:46:01 PM IST,45,11.6,8.4,273.5,273.5,670.4,1162.3,306.6,1082.4,0.26,30.1,48.1,7.1,3.6,5,57,25.4,9.6,58.6,61.3,18.3,6,28.5,13.2
02-Jan-18 1:46:10 PM IST,45,11.6,8.4,273.5,273.5,670.4,1162.3,306.6,1082.4,0.26,30.1,48.3,7.1,3.8,5,56,25.4,9.3,58.6,61.2,18.3,5.5,28.5,12.9
02-Jan-18 1:46:20 PM IST,45,11.6,8.4,273.5,273.5,670.4,1167.9,305.9,1087.2,0.26,30.1,48.4,7.1,3.7,5,55,25.4,9,58.6,61.1,18.3,5.3,28.5,12.7
02-Jan-18 1:46:33 PM IST,45,11.7,8.4,273.5,273.5,672.5,1168.5,305.2,1087.9,0.26,30.1,48.4,7.1,3.4,5,56,25.4,8.8,58.6,61.1,18.3,5.4,28.5,12.7
02-Jan-18 1:46:40 PM IST,45,11.7,8.4,273.5,273.5,670.4,1162.3,305.2,1080.4,0.26,30.1,48.3,7.1,3.2,5,57,25.4,9,58.6,61.2,18.3,5.8,28.5,12.9
02-Jan-18 1:46:50 PM IST,45,11.7,8.4,274.2,274.2,669.7,1154.8,306.6,1082.4,0.26,30.1,48.3,7.1,3.2,5,57,25.4,9.7,58.6,61.4,18.3,6.5,28.5,13.1
02-Jan-18 1:47:02 PM IST,45,11.6,8.4,274.2,274.2,669,1154.8,306.6,1072.8,0.26,30,48.2,7.1,3.3,5,58,25.4,9.7,58.6,61.4,18.3,6.4,28.6,13.2
02-Jan-18 1:47:10 PM IST,45,11.6,8.4,274.2,274.2,669,1154.1,306.6,1072.1,0.26,30,48.2,7.1,3.6,5,57,25.4,9.7,58.6,61.4,18.3,6.1,28.6,13.2
02-Jan-18 1:47:20 PM IST,45,11.6,8.6,273.5,273.5,669,1148.6,305.9,1070.7,0.27,30,48.1,7,3.6,5,57,25.4,9.3,58.6,61.3,18.4,5.7,28.6,13.2
02-Jan-18 1:47:31 PM IST,45,11.5,8.4,272.8,272.8,669,1148.6,304.5,1070.7,0.26,30,47.9,6.9,3.6,5,57,25.4,9.3,58.6,61.3,18.5,5.7,28.6,13.4
02-Jan-18 1:47:40 PM IST,42.5,11.5,8.4,272.8,272.8,669.7,1148.6,304.5,1068.6,0.27,30,47.8,6.9,3.4,5,57,25.4,9.2,58.6,61.2,18.5,5.8,28.6,13.4
02-Jan-18 1:47:50 PM IST,42.5,11.5,8.4,272.8,272.8,669.7,1143.1,304.5,1063.8,0.27,30,47.7,6.9,3.3,5,58,25.4,9.4,58.6,61.3,18.5,6.1,28.6,13.6
02-Jan-18 1:48:01 PM IST,40,11.5,8.3,272.8,272.8,670.4,1146.5,305.2,1063.8,0.25,30.1,47.7,6.9,3.4,5,58,25.4,9.4,58.6,61.3,18.5,6,28.5,13.6
02-Jan-18 1:48:10 PM IST,40,11.5,8.3,272.8,272.8,670.4,1141.7,304.5,1061.1,0.27,30.1,47.6,6.9,3.4,5,58,25.4,9.4,58.6,61.3,18.5,6,28.5,13.7
02-Jan-18 1:48:20 PM IST,40,11.5,8.4,272.8,272.8,670.4,1141.7,304.5,1061.1,0.26,30.1,47.6,6.9,3.4,5,57,25.4,9.4,58.6,61.2,18.5,6,28.5,13.6
02-Jan-18 1:48:30 PM IST,40,11.5,8.4,272.8,272.8,669.7,1136.8,304.5,1060.4,0.25,30.1,47.5,6.9,3.4,5,57,25.4,9.2,58.6,61.1,18.5,5.8,28.5,13.6
02-Jan-18 1:48:40 PM IST,40,11.4,8.4,272.8,272.8,669,1138.2,303.8,1061.7,0.26,30.1,47.6,6.9,3.4,5,57,25.4,9.1,58.6,61,18.5,5.7,28.5,13.4
02-Jan-18 1:48:50 PM IST,37.5,11.4,8.3,271.5,271.5,669,1135.5,303.8,1061.1,0.26,30,47.6,6.9,3.3,5,57,25.4,9,58.6,61,18.5,5.7,28.6,13.4
02-Jan-18 1:49:00 PM IST,35,11.3,8.2,271.5,271.5,668.3,1104.5,303.8,1061.1,0.26,30,47.6,6.9,3.3,5,57,25.4,9,58.6,60.9,18.5,5.7,28.6,13.3
02-Jan-18 1:49:10 PM IST,35,11.3,8.2,272.8,272.8,666.3,1021.1,305.9,1009.4,0.26,29.8,46.2,7,4.6,5,54,25.4,8.8,58.6,60.6,18.4,4.2,28.8,14.4
02-Jan-18 1:49:20 PM IST,32.5,11.3,8.6,275.6,275.6,664.2,1021.1,305.9,935,0.26,29.8,43.4,7,6.4,5,52,25.4,8.8,58.7,60.6,18.4,2.4,28.9,17.2
02-Jan-18 1:49:33 PM IST,32.5,11.3,8.6,275.6,275.6,664.2,1004.6,308,931.5,0.26,29.8,43.1,7.2,6.9,5,50,25.4,8.2,58.7,59.4,18.2,1.3,28.9,16.3
02-Jan-18 1:49:40 PM IST,32.5,11.3,9.1,275.6,275.6,664.2,998.4,308,931.5,0.26,29.8,43.1,7.2,6.9,5,50,25.4,8.2,58.7,59.4,18.2,1.3,28.9,16.3
02-Jan-18 1:49:50 PM IST,32.5,11.3,9.1,275.6,275.6,664.2,998.4,308.7,932.9,0.26,29.8,42.9,7.2,6.9,5,48,25.4,8,58.7,57.8,18.2,1.1,28.9,14.9
02-Jan-18 1:50:02 PM IST,32.5,11.3,9.1,275.6,275.6,663.5,988,308,924.6,0.26,29.8,42.6,7.2,6.6,5,46,25.4,7.9,58.7,55.8,18.2,1.3,28.9,13.2
02-Jan-18 1:50:10 PM IST,32.5,11.3,9.1,274.9,274.9,663.5,988,306.6,922.6,0.26,29.8,42.6,7.1,6.1,5,44,25.4,7.7,58.7,54.6,18.3,1.6,28.9,12
02-Jan-18 1:50:20 PM IST,32.5,11.3,8.9,274.9,274.9,662.8,986.6,308,918.4,0.26,29.8,42.7,7.1,5.2,5,42,25.4,7.4,58.7,54,18.3,2.2,28.9,11.3
02-Jan-18 1:50:31 PM IST,32.5,11.3,8.8,274.9,274.9,662.8,1003.2,308,926.7,0.26,29.8,43.1,7.1,4.1,5,42,25.4,7.2,58.7,53.9,18.3,3.1,28.9,10.8
02-Jan-18 1:50:40 PM IST,32.5,11.3,8.6,276.3,276.3,662.8,992.8,309.4,912.2,0.26,29.7,42.7,7.3,2.8,5,45,25.4,8.1,58.7,54.2,18.1,5.3,29,11.5
02-Jan-18 1:50:50 PM IST,32.5,11.3,8.4,279.7,279.7,662.1,983.2,312.8,902.6,0.26,29.7,42.4,7.6,2.6,5,47,25.4,9.2,58.7,54.9,17.8,6.6,29,12.5
02-Jan-18 1:51:01 PM IST,32.5,11.3,8.9,281.8,281.8,662.1,979.8,314.9,898.5,0.26,29.7,42.4,7.7,2.9,5,47,25.4,9.9,58.7,55.7,17.7,7,29,13.3
02-Jan-18 1:51:10 PM IST,32.5,11.3,9.1,281.8,281.8,661.4,982.5,314.9,899.1,0.26,29.7,42.3,7.7,3.3,5,48,25.4,10.2,58.7,56.3,17.7,6.9,29,14
02-Jan-18 1:51:20 PM IST,35,11.3,9.2,281.8,281.8,661.4,973.6,314.9,892.9,0.26,29.7,42.1,7.7,3.6,5,48,25.4,10.5,58.7,56.8,17.7,6.9,29,14.7
02-Jan-18 1:51:32 PM IST,35,11.3,9.1,281.1,281.1,660.8,964.6,314.2,892.9,0.26,29.6,42.1,7.6,3.6,5,48,25.4,10.6,58.7,57.4,17.8,7,29.1,15.3
02-Jan-18 1:51:40 PM IST,37.5,11.3,9.2,281.1,281.1,660.1,964.6,312.8,884.7,0.26,29.6,41.7,7.6,3.9,5,49,25.4,10.6,58.7,57.4,17.8,6.7,29.1,15.7
02-Jan-18 1:51:50 PM IST,40,11.3,9.2,280.4,280.4,660.1,966,312.8,886.1,0.26,29.6,41.9,7.6,4.5,5,49,25.4,10.6,58.7,57.4,17.8,6.1,29.1,15.5
02-Jan-18 1:52:01 PM IST,40,11.3,9.2,280.4,280.4,660.1,973.6,312.8,886.1,0.26,29.6,41.9,7.6,4.5,5,49,25.4,10.7,58.7,57.8,17.8,6.2,29.1,15.9
02-Jan-18 1:52:11 PM IST,40,11.3,9.2,279,279,659.4,1005.9,311.4,929.5,0.26,29.6,43.4,7.6,4.8,5,50,25.4,10.6,58.7,58,17.8,5.8,29.1,14.6
02-Jan-18 1:52:20 PM IST,40,11.3,9.2,279,279,659.4,1005.9,311.4,929.5,0.26,29.6,43.4,7.4,3.5,5,52,25.4,10.4,58.7,58,18,6.9,29.1,14.6
02-Jan-18 1:52:30 PM IST,42.5,11.3,9.1,277.7,277.7,659.4,1048.7,310,976.3,0.26,29.6,45,7.3,2.7,5,53,25.4,10.3,58.7,57.9,18.1,7.6,29.1,12.9
02-Jan-18 1:52:40 PM IST,42.5,11.3,8.7,276.3,276.3,660.1,1093.4,308.7,1017.7,0.26,29.6,46.3,7.2,1.9,5,54,25.4,10.3,58.7,58.2,18.2,8.4,29.1,11.9
02-Jan-18 1:52:50 PM IST,42.5,11.3,8.6,274.9,274.9,660.8,1113.4,308,1017.7,0.27,29.6,46.3,7.1,1.9,5,54,25.4,10.5,58.7,58.8,18.3,8.6,29.1,12.5
02-Jan-18 1:53:01 PM IST,42.5,11.3,8.4,274.9,274.9,661.4,1113.4,308,1038.3,0.26,29.6,46.9,7.1,1.8,5,55,25.4,10.5,58.7,58.8,18.3,8.7,29.1,11.9
02-Jan-18 1:53:10 PM IST,42.5,11.3,8.3,274.9,274.9,662.1,1129.3,308,1050,0.26,29.7,47.4,7.1,2.1,5,55,25.4,10.6,58.7,59.4,18.3,8.5,29,12
02-Jan-18 1:53:20 PM IST,42.5,11.3,8.4,274.9,274.9,662.8,1131.3,308,1049.3,0.27,29.7,47.3,7.1,2.3,5,56,25.4,10.6,58.7,60,18.3,8.3,29,12.7
02-Jan-18 1:53:30 PM IST,42.5,11.4,8.4,274.9,274.9,662.8,1134.1,308,1054.2,0.26,29.7,47.3,7.1,2.9,5,57,25.4,10.6,58.7,60.6,18.3,7.7,29,13.3
02-Jan-18 1:53:40 PM IST,42.5,11.4,8.4,274.9,274.9,663.5,1143.1,306.6,1054.2,0.26,29.8,47.5,7.1,2.9,5,57,25.4,10.4,58.7,60.7,18.3,7.5,28.9,13.2
02-Jan-18 1:53:50 PM IST,42.5,11.4,8.4,274.2,274.2,664.2,1143.1,306.6,1063.8,0.27,29.8,47.7,7.1,3.2,5,57,25.4,10.4,58.7,60.7,18.3,7.2,28.9,13
02-Jan-18 1:54:01 PM IST,42.5,11.4,8.4,272.8,272.8,663.5,1146.5,305.2,1065.9,0.26,29.8,47.8,7,3.4,5,56,25.4,10.2,58.7,60.8,18.4,6.8,28.9,13
02-Jan-18 1:54:10 PM IST,42.5,11.4,8.4,272.8,272.8,663.5,1141.7,305.2,1060.4,0.25,29.8,47.6,7,3.3,5,57,25.4,9.8,58.7,60.8,18.4,6.5,28.9,13.2
02-Jan-18 1:54:20 PM IST,42.5,11.4,8.3,272.8,272.8,662.8,1133.4,304.5,1054.2,0.26,29.7,47.6,7,3.1,5,57,25.4,9.6,58.7,60.8,18.4,6.5,29,13.2
02-Jan-18 1:54:30 PM IST,42.5,11.5,8.2,272.8,272.8,662.1,1134.1,305.2,1056.9,0.26,29.7,47.6,7,3.1,5,58,25.4,9.6,58.7,60.8,18.4,6.5,29,13.2
02-Jan-18 1:54:40 PM IST,42.5,11.5,8.3,272.8,272.8,662.1,1134.1,305.2,1056.9,0.26,29.7,47.4,7,3.1,5,58,25.4,9.6,58.7,60.9,18.4,6.5,29,13.5
02-Jan-18 1:54:50 PM IST,42.5,11.5,8.3,272.8,272.8,662.8,1148.6,305.9,1068.6,0.26,29.7,47.9,7,3.4,5,58,25.4,9.7,58.7,61.1,18.4,6.3,29,13.2
02-Jan-18 1:55:01 PM IST,42.5,11.5,8.4,272.8,272.8,663.5,1156.8,305.9,1076.2,0.26,29.7,48.2,7,3.6,5,57,25.4,9.4,58.7,61.1,18.4,5.8,29,12.9
02-Jan-18 1:55:10 PM IST,42.5,11.6,8.4,272.8,272.8,663.5,1154.8,304.5,1075.5,0.26,29.7,48.3,7,3.4,5,56,25.4,8.9,58.7,60.9,18.4,5.5,29,12.6
02-Jan-18 1:55:20 PM IST,42.5,11.6,8.4,272.8,272.8,663.5,1143.1,304.5,1064.5,0.26,29.7,47.6,7,3.2,5,56,25.4,9.1,58.7,60.9,18.4,5.9,29,13.3
02-Jan-18 1:55:30 PM IST,42.5,11.6,8.3,272.8,272.8,662.8,1136.2,305.2,1054.9,0.27,29.7,47.4,7,3.2,5,58,25.4,9.4,58.7,61.1,18.4,6.2,29,13.7
02-Jan-18 1:55:40 PM IST,42.5,11.7,8.3,274.2,274.2,662.8,1130.6,306.6,1049.3,0.26,29.7,47.4,7.1,3.3,5,58,25.4,9.8,58.7,61.1,18.3,6.5,29,13.7
02-Jan-18 1:55:50 PM IST,42.5,11.6,8.4,274.2,274.2,663.5,1141.7,306.6,1061.1,0.25,29.7,47.3,7.1,3.6,5,59,25.4,9.8,58.7,61.1,18.3,6.2,29,13.8
02-Jan-18 1:56:00 PM IST,42.5,11.6,8.4,274.2,274.2,663.5,1153.4,306.6,1077.6,0.26,29.7,48.1,7.1,3.8,5,58,25.4,9.6,58.7,60.9,18.3,5.8,29,12.8
02-Jan-18 1:56:10 PM IST,42.5,11.6,8.6,274.2,274.2,664.2,1151.3,305.9,1076.2,0.26,29.8,48.1,7.1,3.8,5,57,25.4,9.1,58.7,60.8,18.3,5.3,28.9,12.7
02-Jan-18 1:56:20 PM IST,42.5,11.6,8.4,272.8,272.8,665.6,1151.3,305.2,1076.2,0.27,29.8,48.1,6.9,3.7,5,56,25.4,9.1,58.7,60.8,18.5,5.4,28.9,12.7
02-Jan-18 1:56:31 PM IST,42.5,11.5,8.4,272.8,272.8,665.6,1161,304.5,1080.4,0.27,29.8,48.3,6.9,3.3,5,56,25.4,8.7,58.7,60.8,18.5,5.4,28.9,12.5
02-Jan-18 1:56:40 PM IST,42.5,11.5,8.3,272.8,272.8,665.6,1156.1,305.2,1072.8,0.26,29.8,48.1,6.9,3.1,5,57,25.4,9,58.7,60.9,18.5,5.9,28.9,12.8
02-Jan-18 1:56:50 PM IST,42.5,11.5,8.3,272.8,272.8,665.6,1157.5,305.2,1074.2,0.26,29.8,48.2,6.9,3.2,5,57,25.4,9,58.7,60.9,18.5,5.8,28.9,12.7
02-Jan-18 1:57:00 PM IST,40,11.5,8.3,272.8,272.8,665.6,1158.2,305.2,1074.2,0.26,29.8,48.2,6.9,3.2,5,58,25.4,9.4,58.7,61.1,18.5,6.2,28.9,12.9
02-Jan-18 1:57:10 PM IST,40,11.4,8.4,272.8,272.8,665.6,1158.2,305.9,1076.2,0.26,29.8,48.2,6.9,3.4,5,57,25.4,9.6,58.7,61.2,18.5,6.2,28.9,13
02-Jan-18 1:57:20 PM IST,40,11.4,8.4,272.8,272.8,666.3,1154.8,304.5,1078.3,0.26,29.8,48.2,6.9,3.4,5,57,25.4,9.4,58.8,61.1,18.5,6,29,12.9
02-Jan-18 1:57:30 PM IST,37.5,11.4,8.4,272.8,272.8,666.3,1154.8,304.5,1076.2,0.26,29.9,48.1,6.9,3.4,5,57,25.4,9.3,58.8,61.1,18.5,5.9,28.9,13
02-Jan-18 1:57:40 PM IST,37.5,11.4,8.3,271.5,271.5,667,1151.3,303.8,1072.1,0.26,29.9,47.9,6.9,3.4,5,57,25.4,9.1,58.8,61.1,18.5,5.7,28.9,13.2
02-Jan-18 1:57:50 PM IST,35,11.3,8.2,271.5,271.5,665.6,1145.1,303.8,1063.8,0.27,29.9,47.7,6.9,3.2,5,57,25.4,9.1,58.8,61.1,18.5,5.9,28.9,13.4
02-Jan-18 1:58:00 PM IST,35,11.3,8.2,271.5,271.5,665.6,1093.4,304.5,1005.3,0.26,29.9,45.7,6.9,5.4,5,53,25.4,9.3,58.8,61.1,18.5,3.9,28.9,15.4
02-Jan-18 1:58:10 PM IST,32.5,11.3,8.4,275.6,275.6,666.3,1036.3,308.7,952.9,0.26,29.9,44.1,7.2,6.8,5,51,25.4,8.8,58.8,60.7,18.2,2,28.9,16.6
02-Jan-18 1:58:20 PM IST,32.5,11.3,8.8,276.3,276.3,666.3,1021.8,309.4,952.2,0.26,29.9,43.7,7.3,7,5,49,25.4,8.3,58.8,59.3,18.1,1.3,28.9,15.6
02-Jan-18 1:58:30 PM IST,32.5,11.3,9.1,276.3,276.3,667.6,1022.5,308.7,958.4,0.25,29.9,43.8,7.2,6.8,5,47,25.4,8.1,58.8,57.2,18.2,1.3,28.9,13.4
02-Jan-18 1:58:40 PM IST,32.5,11.3,9.2,274.9,274.9,668.3,1017.7,308,950.1,0.26,29.9,43.4,7.2,6.4,5,47,25.4,7.9,58.8,55.6,18.2,1.5,28.9,12.2
02-Jan-18 1:58:50 PM IST,32.5,11.3,9.1,274.9,274.9,668.3,1003.9,306.6,936.4,0.26,29.9,43.4,7.2,5.7,5,44,25.4,7.7,58.8,54.6,18.2,2,28.9,11.2
02-Jan-18 1:59:01 PM IST,32.5,11.3,8.9,274.9,274.9,667.6,984.6,308,912.9,0.26,29.9,43,7.2,5.7,5,43,25.4,7.2,58.8,54.2,18.2,1.5,28.9,11.2
02-Jan-18 1:59:11 PM IST,32.5,11.3,8.6,276.3,276.3,667.6,984.6,308.7,912.9,0.26,29.9,42.4,7.3,4.3,5,43,25.4,7.2,58.8,54.2,18.1,2.9,28.9,11.8
02-Jan-18 1:59:20 PM IST,32.5,11.3,8.4,276.3,276.3,667.6,984.6,308.7,912.9,0.26,29.9,42.4,7.3,4.3,5,43,25.4,7.2,58.8,54.2,18.1,2.9,28.9,11.8
02-Jan-18 1:59:30 PM IST,32.5,11.3,8.4,276.3,276.3,667.6,972.9,308.7,896.4,0.26,29.9,42.1,7.3,2.7,5,46,25.4,7.6,58.8,54.3,18.1,4.9,28.9,12.2
02-Jan-18 1:59:40 PM IST,32.5,11.3,8.4,279.7,279.7,667,969.4,312.8,887.4,0.26,29.9,41.9,7.6,2.6,5,47,25.4,8.8,58.8,54.8,17.8,6.2,28.9,12.9
02-Jan-18 1:59:50 PM IST,32.5,11.3,8.8,282.5,282.5,667,978.4,314.9,894.3,0.26,29.9,42.3,7.7,3.1,5,48,25.4,9.8,58.8,55.5,17.7,6.7,28.9,13.2
02-Jan-18 2:00:01 PM IST,35,11.3,9.1,282.5,282.5,665.6,978.4,314.9,897.8,0.26,29.9,42.3,7.7,3.4,5,48,25.4,10.2,58.8,56.1,17.7,6.8,28.9,13.8
02-Jan-18 2:00:10 PM IST,35,11.3,9.2,282.5,282.5,663.5,983.9,314.9,904,0.26,29.8,42.4,7.7,3.8,5,48,25.4,10.5,58.8,56.7,17.7,6.7,29,14.3
02-Jan-18 2:00:20 PM IST,37.5,11.3,9.2,281.1,281.1,662.8,983.2,312.8,904,0.26,29.8,42.4,7.6,4.2,5,48,25.4,10.6,58.8,57.3,17.8,6.4,29,14.9
02-Jan-18 2:00:30 PM IST,37.5,11.3,9.2,281.1,281.1,662.8,981.8,312.8,898.5,0.26,29.8,42.3,7.6,4.4,5,49,25.4,10.6,58.8,57.6,17.8,6.2,29,15.3
02-Jan-18 2:00:40 PM IST,40,11.3,9.2,280.4,280.4,662.8,993.5,312.8,916.4,0.26,29.8,42.9,7.6,3.9,5,50,25.4,10.6,58.8,57.8,17.8,6.7,29,14.9
02-Jan-18 2:00:50 PM IST,40,11.3,9.1,279,279,662.8,1031.4,311.4,957,0.27,29.8,42.9,7.4,3.9,5,50,25.4,10.4,58.8,58,18,6.5,29,15.1
02-Jan-18 2:01:00 PM IST,42.5,11.3,8.9,277.7,277.7,662.8,1031.4,310,957,0.26,29.8,44.2,7.3,2.8,5,53,25.4,10.4,58.8,58,18.1,7.6,29,13.8
02-Jan-18 2:01:10 PM IST,42.5,11.3,8.6,276.3,276.3,662.8,1071.4,308.7,993.5,0.26,29.8,45.6,7.3,2,5,54,25.4,10.4,58.8,58.2,18.1,8.4,29,12.6
02-Jan-18 2:01:20 PM IST,42.5,11.3,8.4,276.3,276.3,662.8,1094.1,308.7,1017,0.26,29.8,46.3,7.3,2,5,54,25.4,10.4,58.8,58.2,18.1,8.4,29,11.9
02-Jan-18 2:01:30 PM IST,42.5,11.3,8.4,276.3,276.3,662.8,1094.1,308.7,1017,0.26,29.8,46.3,7.3,1.7,5,55,25.4,10.6,58.8,58.6,18.1,8.9,29,12.3
02-Jan-18 2:01:40 PM IST,42.5,11.3,8.4,276.3,276.3,662.1,1110,308.7,1028,0.26,29.7,46.7,7.2,1.9,5,55,25.4,10.6,58.8,59.2,18.2,8.7,29.1,12.5
02-Jan-18 2:01:50 PM IST,42.5,11.3,8.4,275.6,275.6,663.5,1130.6,308,1050,0.26,29.7,47.4,7.2,2.4,5,56,25.4,10.6,58.8,59.7,18.2,8.2,29.1,12.3
02-Jan-18 2:02:01 PM IST,42.5,11.3,8.4,275.6,275.6,663.5,1126.5,308,1045.2,0.26,29.8,47.1,7.2,2.5,5,56,25.4,10.6,58.8,60.1,18.2,8.1,29,13
02-Jan-18 2:02:10 PM IST,42.5,11.4,8.4,274.9,274.9,662.8,1127.2,306.6,1045.2,0.26,29.8,47.2,7.1,2.8,5,57,25.4,10.6,58.8,60.4,18.3,7.8,29,13.2
02-Jan-18 2:02:20 PM IST,42.5,11.4,8.4,274.9,274.9,663.5,1134.1,306.6,1055.5,0.26,29.8,47.6,7.1,3.2,5,57,25.4,10.5,58.8,60.5,18.3,7.3,29,12.9
02-Jan-18 2:02:30 PM IST,42.5,11.4,8.4,274.9,274.9,663.5,1143.7,306.6,1064.5,0.25,29.8,47.8,7.1,3.4,5,57,25.4,10.3,58.8,60.6,18.3,6.9,29,12.8
02-Jan-18 2:02:40 PM IST,42.5,11.4,8.4,273.5,273.5,664.2,1158.2,305.9,1081.7,0.26,29.8,48.2,7.1,3.5,5,56,25.4,9.9,58.8,60.7,18.3,6.4,29,12.5
02-Jan-18 2:02:50 PM IST,42.5,11.5,8.4,273.5,273.5,664.2,1164.4,305.2,1083.1,0.26,29.8,48.4,7,3.4,5,56,25.4,9.5,58.8,60.8,18.4,6.1,29,12.4
02-Jan-18 2:03:02 PM IST,42.5,11.5,8.4,272.8,272.8,665.6,1156.8,304.5,1074.2,0.27,29.8,48.1,7,3.2,5,56,25.4,9.4,58.8,60.9,18.4,6.2,29,12.8
02-Jan-18 2:03:10 PM IST,42.5,11.5,8.3,272.8,272.8,667,1167.9,304.5,1084.5,0.26,29.9,48.4,7,3.2,5,57,25.4,9.5,58.8,61.1,18.4,6.3,28.9,12.7
02-Jan-18 2:03:20 PM IST,42.5,11.5,8.3,272.8,272.8,667,1160.3,305.9,1080.4,0.26,29.9,48.3,7,3.3,5,57,25.4,9.7,58.8,61.2,18.4,6.4,28.9,12.9
02-Jan-18 2:03:32 PM IST,42.5,11.6,8.3,273.5,273.5,668.3,1161,306.6,1077.6,0.26,29.9,48.2,7.1,3.4,5,57,25.4,9.7,58.8,61.3,18.3,6.3,28.9,13.1
02-Jan-18 2:03:40 PM IST,42.5,11.6,8.4,273.5,273.5,669,1154.8,306.6,1072.8,0.26,29.9,48.2,7.1,3.4,5,57,25.4,9.7,58.8,61.3,18.3,6.3,28.9,13.1
02-Jan-18 2:03:50 PM IST,42.5,11.6,8.4,273.5,273.5,669,1154.8,306.6,1072.8,0.26,29.9,48.1,7.1,3.4,5,57,25.4,9.7,58.8,61.3,18.3,6.3,28.9,13.2
02-Jan-18 2:04:02 PM IST,42.5,11.7,8.4,273.5,273.5,668.3,1145.1,306.6,1065.2,0.26,29.9,47.7,7.1,3.4,5,57,25.4,9.6,58.8,61.3,18.3,6.2,28.9,13.6
02-Jan-18 2:04:10 PM IST,42.5,11.7,8.4,273.5,273.5,667.6,1134.8,305.9,1057.6,0.26,29.9,47.4,7.1,3.4,5,58,25.4,9.6,58.8,61.2,18.3,6.2,28.9,13.8
02-Jan-18 2:04:20 PM IST,42.5,11.7,8.4,273.5,273.5,667.6,1134.8,306.6,1058.3,0.26,29.9,47.5,7.1,3.5,5,58,25.4,9.7,58.8,61.2,18.3,6.2,28.9,13.7
02-Jan-18 2:04:30 PM IST,42.5,11.7,8.4,273.5,273.5,668.3,1149.3,306.6,1069.3,0.26,29.9,47.9,7.1,3.6,5,58,25.4,9.7,58.8,61.1,18.3,6.1,28.9,13.2
02-Jan-18 2:04:40 PM IST,45,11.7,8.6,273.5,273.5,668.3,1160.3,306.6,1077.6,0.26,29.9,48.2,7.1,3.8,5,57,25.4,9.4,58.8,61,18.3,5.6,28.9,12.8
02-Jan-18 2:04:51 PM IST,45,11.6,8.6,273.5,273.5,668.3,1148.6,306.6,1070,0.26,29.9,47.9,7.1,3.6,5,56,25.4,9.1,58.8,60.9,18.3,5.5,28.9,13
02-Jan-18 2:05:01 PM IST,47.5,11.6,8.6,273.5,273.5,668.3,1154.8,305.9,1080.4,0.26,29.9,48.3,7.1,3.3,5,57,25.4,8.9,58.8,60.8,18.3,5.6,28.9,12.5
02-Jan-18 2:05:10 PM IST,47.5,11.6,8.4,273.5,273.5,668.3,1168.5,305.9,1089.3,0.26,29.9,48.5,7.1,3.3,5,57,25.4,9.2,58.8,60.9,18.3,5.9,28.9,12.4
02-Jan-18 2:05:21 PM IST,45,11.6,8.4,273.5,273.5,669,1164.4,305.9,1087.2,0.26,29.9,48.5,7.1,3.4,5,57,25.4,9.4,58.8,61.1,18.3,6,28.9,12.6
02-Jan-18 2:05:31 PM IST,45,11.5,8.4,273.5,273.5,669,1161.7,305.9,1081,0.26,30.1,48.2,7.1,3.4,5,57,25.4,9.5,58.9,61.2,18.3,6.1,28.8,13
02-Jan-18 2:05:40 PM IST,45,11.5,8.4,273.5,273.5,668.3,1145.1,305.9,1067.9,0.26,30.1,47.8,7.1,3.3,5,57,25.4,9.4,58.9,61.2,18.3,6.1,28.8,13.4
02-Jan-18 2:05:50 PM IST,42.5,11.5,8.4,272.8,272.8,669,1156.1,305.9,1072.8,0.26,30.1,47.8,7,3.4,5,57,25.4,9.5,58.9,61.2,18.4,6.1,28.8,13.4
02-Jan-18 2:06:00 PM IST,42.5,11.5,8.4,272.8,272.8,669,1141.7,305.9,1061.7,0.26,30.1,47.6,7,3.4,5,57,25.4,9.5,58.9,61.2,18.4,6.1,28.8,13.6
02-Jan-18 2:06:10 PM IST,40,11.5,8.4,272.8,272.8,667.6,1130,305.9,1061.7,0.26,30.1,47.6,7,3.4,5,57,25.4,9.5,58.9,61.3,18.4,6.1,28.8,13.7
02-Jan-18 2:06:20 PM IST,40,11.5,8.4,272.8,272.8,667.6,1130,305.9,1052.8,0.26,29.9,47.3,7,3.3,5,58,25.4,9.5,58.9,61.3,18.4,6.2,29,14
02-Jan-18 2:06:30 PM IST,40,11.5,8.4,272.8,272.8,667,1130,305.2,1049.3,0.26,29.9,47.3,7,3.3,5,58,25.4,9.5,58.9,61.2,18.4,6.2,29,13.9
02-Jan-18 2:06:40 PM IST,40,11.4,8.3,272.8,272.8,666.3,1122.4,304.5,1043.8,0.26,29.9,47.1,7,3.3,5,58,25.4,9.5,58.9,61.2,18.4,6.2,29,14.1
02-Jan-18 2:06:50 PM IST,37.5,11.4,8.4,272.8,272.8,665.6,1124.4,305.2,1045.9,0.25,29.9,47.1,7,3.4,5,58,25.4,9.3,58.9,61,18.4,5.9,29,13.9
02-Jan-18 2:07:00 PM IST,37.5,11.4,8.3,272.2,272.2,664.2,1123.1,304.5,1045.2,0.26,29.8,47.1,6.9,3.4,5,58,25.4,9.1,58.9,60.8,18.5,5.7,29.1,13.7
02-Jan-18 2:07:10 PM IST,35,11.4,8.3,272.2,272.2,664.2,1111.4,303.8,1021.8,0.25,29.8,46.4,6.9,4.1,5,56,25.4,8.9,58.9,60.7,18.5,4.8,29.1,14.3
02-Jan-18 2:07:20 PM IST,35,11.3,8.3,272.2,272.2,663.5,1051.4,304.5,963.2,0.25,29.8,44.3,6.9,6,5,52,25.4,8.7,58.9,60.4,18.5,2.7,29.1,16.1
02-Jan-18 2:07:31 PM IST,32.5,11.3,8.4,274.9,274.9,663.5,1005.9,308,928.8,0.27,29.8,43.1,7.2,6.9,5,51,25.4,8.2,58.9,59.7,18.2,1.3,29.1,16.6
02-Jan-18 2:07:40 PM IST,32.5,11.3,8.9,274.9,274.9,662.8,997.7,308.7,930.8,0.27,29.7,42.9,7.2,6.9,5,49,25.4,8,58.9,58.3,18.2,1.1,29.2,15.4
02-Jan-18 2:07:50 PM IST,32.5,11.3,9.1,274.9,274.9,662.8,991.5,308.7,925.3,0.26,29.7,42.6,7.2,6.8,5,47,25.4,8,58.9,56.9,18.2,1.2,29.2,14.3
02-Jan-18 2:08:00 PM IST,32.5,11.3,9.1,274.9,274.9,662.1,988.7,308.7,923.3,0.26,29.7,42.6,7.2,6.4,5,46,25.4,7.8,58.9,55.5,18.2,1.4,29.2,12.9
02-Jan-18 2:08:10 PM IST,32.5,11.3,9.1,274.9,274.9,662.1,991.5,308,924.6,0.25,29.7,42.7,7.2,6.1,5,46,25.4,7.7,58.9,55.5,18.2,1.6,29.2,12.8
02-Jan-18 2:08:20 PM IST,32.5,11.3,8.9,274.9,274.9,662.1,991.5,308,924.6,0.26,29.7,42.7,7.2,6.1,5,44,25.4,7.7,58.9,54.5,18.2,1.6,29.2,11.8
02-Jan-18 2:08:30 PM IST,32.5,11.3,8.9,274.9,274.9,662.8,990.1,308.7,919.1,0.26,29.7,42.6,7.2,5.2,5,42,25.4,7.4,58.9,53.9,18.2,2.2,29.2,11.3
02-Jan-18 2:08:40 PM IST,32.5,11.3,8.6,277,277,662.8,992.8,308.7,915.7,0.26,29.7,42.6,7.2,4.1,5,43,25.4,7.4,58.9,53.9,18.2,3.3,29.2,11.3
02-Jan-18 2:08:51 PM IST,32.5,11.3,8.6,280.4,280.4,663.5,971.5,310,892.3,0.26,29.7,41.9,7.3,2.7,5,47,25.4,8.3,58.9,54.2,18.1,5.6,29.2,12.3
02-Jan-18 2:09:00 PM IST,32.5,11.3,8.9,280.4,280.4,662.1,960.5,312.8,879.9,0.26,29.7,41.6,7.6,2.7,5,48,25.4,9.3,58.9,54.8,17.8,6.6,29.2,13.2
02-Jan-18 2:09:10 PM IST,32.5,11.3,9.1,282.5,282.5,662.8,966,315.6,884,0.26,29.7,41.8,7.7,3.2,5,48,25.4,10,58.9,55.4,17.7,6.8,29.2,13.6
02-Jan-18 2:09:20 PM IST,35,11.3,9.2,282.5,282.5,662.8,966,315.6,884,0.26,29.7,41.8,7.7,3.2,5,48,25.4,10,58.9,55.4,17.7,6.8,29.2,13.6
02-Jan-18 2:09:30 PM IST,35,11.3,9.2,282.5,282.5,662.8,972.9,314.9,896.4,0.26,29.7,42.2,7.7,3.6,5,48,25.4,10.3,58.9,56.1,17.7,6.7,29.2,13.9
02-Jan-18 2:09:40 PM IST,37.5,11.3,9.2,281.1,281.1,662.8,984.6,314.2,904.7,0.26,29.7,42.4,7.7,3.8,5,48,25.4,10.5,58.9,56.6,17.7,6.7,29.2,14.2
02-Jan-18 2:09:50 PM IST,37.5,11.3,9.2,281.1,281.1,662.8,994.9,314.2,910.9,0.26,29.7,42.8,7.7,4.5,5,48,25.4,10.7,58.9,57.5,17.7,6.2,29.2,14.7
02-Jan-18 2:10:00 PM IST,40,11.3,9.2,280.4,280.4,663.5,1006.6,312.8,929.5,0.26,29.7,43.4,7.6,3.9,5,48,25.4,10.7,58.9,57.8,17.8,6.8,29.2,14.4
02-Jan-18 2:10:10 PM IST,40,11.3,9.1,279,279,663.5,1021.1,311.4,942.6,0.26,29.7,43.4,7.6,3.9,5,48,25.4,10.7,58.9,57.8,17.8,6.8,29.2,14.4
02-Jan-18 2:10:21 PM IST,42.5,11.3,8.9,279,279,663.5,1021.1,311.4,942.6,0.26,29.7,43.4,7.4,2.9,5,50,25.5,10.5,58.9,57.9,18.1,7.6,29.2,14.5
02-Jan-18 2:10:30 PM IST,42.5,11.3,8.9,277.7,277.7,663.5,1055.5,310,942.6,0.26,29.7,43.8,7.3,2.9,5,52,25.5,10.5,58.9,58.1,18.2,7.6,29.2,14.3
02-Jan-18 2:10:40 PM IST,42.5,11.3,8.7,277,277,663.5,1103.8,309.4,979.1,0.26,29.7,45.2,7.3,2.1,5,54,25.5,10.6,58.9,58.5,18.2,8.5,29.2,13.3
02-Jan-18 2:10:50 PM IST,42.5,11.3,8.6,275.6,275.6,662.8,1103.8,308.7,1028.7,0.26,29.7,46.8,7.2,1.9,5,54,25.5,10.6,58.9,59.1,18.3,8.7,29.2,12.3
02-Jan-18 2:11:00 PM IST,42.5,11.3,8.4,274.9,274.9,662.1,1111.4,306.6,1034.9,0.26,29.7,46.9,7.2,2,5,55,25.5,10.7,58.9,59.7,18.3,8.7,29.2,12.8
02-Jan-18 2:11:10 PM IST,42.5,11.3,8.4,274.9,274.9,662.1,1111.4,306.6,1034.9,0.26,29.7,46.9,7.2,2,5,55,25.5,10.7,58.9,59.7,18.3,8.7,29.2,12.8
02-Jan-18 2:11:20 PM IST,42.5,11.3,8.4,274.9,274.9,662.8,1130,306.6,1051.4,0.26,29.7,47.4,7.2,2.4,5,56,25.5,10.7,58.9,60,18.3,8.3,29.2,12.6
02-Jan-18 2:11:31 PM IST,42.5,11.4,8.4,274.9,274.9,662.8,1139.6,308,1057.6,0.26,29.7,47.6,7.2,2.9,5,56,25.5,10.7,58.9,60.4,18.3,7.8,29.2,12.8
02-Jan-18 2:11:40 PM IST,42.5,11.4,8.4,274.9,274.9,663.5,1143.7,308,1063.8,0.26,29.7,47.6,7.2,3.2,5,56,25.5,10.5,58.9,60.6,18.3,7.3,29.2,13
02-Jan-18 2:11:50 PM IST,42.5,11.4,8.4,274.2,274.2,664.2,1144.4,305.2,1067.3,0.26,29.7,47.9,7,3.2,5,57,25.5,10.3,58.9,60.6,18.5,7.1,29.2,12.7
02-Jan-18 2:12:01 PM IST,42.5,11.4,8.4,272.8,272.8,663.5,1144.4,305.2,1070,0.25,29.7,47.9,7,3.3,5,56,25.5,9.9,58.9,60.8,18.5,6.6,29.2,12.9
02-Jan-18 2:12:10 PM IST,42.5,11.4,8.4,272.8,272.8,663.5,1144.4,305.2,1070,0.26,29.7,47.9,7,3.3,5,56,25.5,9.9,58.9,60.8,18.5,6.6,29.2,12.9
02-Jan-18 2:12:20 PM IST,42.5,11.4,8.4,272.8,272.8,662.8,1132,304.5,1052.8,0.26,29.7,47.3,7,3.2,5,58,25.5,9.7,58.9,60.9,18.5,6.5,29.2,13.6
02-Jan-18 2:12:30 PM IST,42.5,11.5,8.3,272.8,272.8,662.1,1118.2,304.5,1041.8,0.26,29.7,46.9,6.9,3.1,5,58,25.5,9.7,58.9,61,18.6,6.6,29.2,14.1
02-Jan-18 2:12:40 PM IST,42.5,11.5,8.3,272.8,272.8,660.1,1115.5,305.2,1038.3,0.26,29.6,46.8,6.9,3.2,5,59,25.5,9.7,58.9,61,18.6,6.5,29.3,14.2
02-Jan-18 2:12:50 PM IST,42.5,11.5,8.4,272.8,272.8,660.1,1116.2,305.9,1039.7,0.26,29.6,46.8,6.9,3.4,5,59,25.5,9.7,58.9,60.9,18.6,6.3,29.3,14.1
02-Jan-18 2:13:00 PM IST,42.5,11.6,8.4,272.8,272.8,660.1,1116.2,305.9,1039.7,0.26,29.6,46.8,6.9,3.4,5,59,25.5,9.7,58.9,60.9,18.6,6.3,29.3,14.1
02-Jan-18 2:13:10 PM IST,42.5,11.6,8.4,272.8,272.8,658.7,1120.3,305.9,1043.8,0.26,29.6,46.8,6.9,3.6,5,58,25.5,9.3,58.9,60.6,18.6,5.7,29.3,13.8
02-Jan-18 2:13:20 PM IST,42.5,11.6,8.4,272.8,272.8,658.7,1122.4,304.5,1045.9,0.26,29.6,47.1,6.9,3.6,5,57,25.5,9.1,58.9,60.5,18.6,5.5,29.3,13.4
02-Jan-18 2:13:30 PM IST,42.5,11.7,8.4,272.8,272.8,657.3,1128.6,304.5,1052.1,0.26,29.6,47.3,6.9,3.6,5,57,25.5,8.9,58.9,60.4,18.6,5.3,29.3,13.1
02-Jan-18 2:13:40 PM IST,42.5,11.7,8.4,272.8,272.8,658.7,1147.2,305.2,1067.3,0.26,29.6,47.8,6.9,3.4,5,57,25.5,9,58.9,60.4,18.6,5.6,29.3,12.6
02-Jan-18 2:13:50 PM IST,42.5,11.7,8.4,272.8,272.8,658.7,1136.8,305.9,1060.4,0.26,29.6,47.4,6.9,3.4,5,57,25.5,9.1,58.9,60.4,18.6,5.7,29.3,13
02-Jan-18 2:14:00 PM IST,42.5,11.7,8.4,272.8,272.8,658.7,1136.8,305.9,1060.4,0.26,29.6,47.4,6.9,3.4,5,57,25.5,9.1,58.9,60.4,18.6,5.7,29.3,13
02-Jan-18 2:14:10 PM IST,42.5,11.7,8.4,272.8,272.8,658.7,1133.4,305.9,1056.2,0.26,29.6,47.4,6.9,3.3,5,58,25.5,9.4,58.9,60.5,18.6,6.1,29.3,13.1
02-Jan-18 2:14:20 PM IST,42.5,11.6,8.4,272.8,272.8,658.7,1146.5,305.9,1065.2,0.27,29.6,47.8,7,3.5,5,57,25.5,9.4,58.9,60.5,18.5,5.9,29.3,12.7
02-Jan-18 2:14:30 PM IST,42.5,11.6,8.4,272.8,272.8,659.4,1141,305.9,1062.4,0.26,29.6,47.6,7,3.6,5,57,25.5,9.4,58.9,60.5,18.5,5.8,29.3,12.9
02-Jan-18 2:14:40 PM IST,42.5,11.6,8.4,272.8,272.8,658.7,1132,305.2,1054.2,0.26,29.6,47.3,7,3.4,5,57,25.5,9.2,58.9,60.5,18.5,5.8,29.3,13.2
02-Jan-18 2:14:50 PM IST,42.5,11.5,8.3,272.8,272.8,657.3,1132,305.2,1054.2,0.26,29.6,47.3,7,3.4,5,57,25.5,9.2,58.9,60.5,18.5,5.8,29.3,13.2
02-Jan-18 2:15:01 PM IST,40,11.5,8.3,272.8,272.8,657.3,1123.1,305.2,1050.7,0.26,29.6,47.2,6.9,3.2,5,58,25.5,9.4,58.9,60.5,18.6,6.2,29.3,13.3
02-Jan-18 2:15:10 PM IST,40,11.5,8.3,272.8,272.8,657.3,1130.6,305.9,1050,0.26,29.4,47.3,6.9,3.3,5,58,25.5,9.5,58.9,60.6,18.6,6.2,29.5,13.3
02-Jan-18 2:15:20 PM IST,40,11.5,8.4,272.8,272.8,656.6,1130,305.9,1050,0.26,29.4,47.2,6.9,3.4,5,58,25.5,9.5,58.9,60.6,18.6,6.1,29.5,13.4
02-Jan-18 2:15:30 PM IST,37.5,11.5,8.4,272.8,272.8,656.6,1124.4,305.2,1049.3,0.26,29.4,47.2,6.9,3.4,5,57,25.5,9.3,58.9,60.5,18.6,5.9,29.5,13.3
02-Jan-18 2:15:40 PM IST,37.5,11.4,8.4,272.2,272.2,655.9,1141.7,304.5,1063.1,0.25,29.4,47.6,6.9,3.4,5,57,25.5,9.1,58.9,60.4,18.6,5.7,29.5,12.8
02-Jan-18 2:15:50 PM IST,35,11.4,8.4,272.2,272.2,655.9,1141.7,304.5,1063.1,0.26,29.4,47.6,6.9,3.4,5,57,25.5,9.1,58.9,60.4,18.6,5.7,29.5,12.8
02-Jan-18 2:16:00 PM IST,35,11.4,8.3,272.2,272.2,658.7,1136.2,303.8,1054.9,0.26,29.4,47.4,6.9,3.6,5,55,25.5,8.9,58.9,60.4,18.6,5.3,29.5,13
02-Jan-18 2:16:10 PM IST,35,11.4,8.6,272.2,272.2,658.7,1070.7,305.9,983.2,0.26,29.6,44.9,7,5.9,5,51,25.5,8.9,58.9,60.3,18.5,3,29.3,15.4
02-Jan-18 2:16:20 PM IST,32.5,11.4,8.6,275.6,275.6,657.3,1012.1,308.7,933.6,0.26,29.6,43.3,7.2,6.7,5,50,25.5,8.3,58.9,59.8,18.3,1.6,29.3,16.5
02-Jan-18 2:16:30 PM IST,32.5,11.3,9.1,275.6,275.6,657.3,1006.6,308.7,933.6,0.26,29.6,43.2,7.2,6.7,5,49,25.5,7.9,58.9,58.6,18.3,1.2,29.3,15.4
02-Jan-18 2:16:41 PM IST,32.5,11.3,9.1,275.6,275.6,656.6,983.9,308,927.4,0.26,29.4,42.8,7.2,6.7,5,47,25.5,7.8,58.9,56.1,18.3,1.1,29.5,13.3
02-Jan-18 2:16:50 PM IST,32.5,11.3,9.1,275.6,275.6,656.6,983.9,308,927.4,0.26,29.4,42.8,7.2,6.7,5,47,25.5,7.8,58.9,56.1,18.3,1.1,29.5,13.3
02-Jan-18 2:17:00 PM IST,32.5,11.3,9.1,275.6,275.6,655.9,978.4,308,913.6,0.26,29.4,42.4,7.2,6.3,5,45,25.5,7.6,58.9,55.2,18.3,1.3,29.5,12.8
02-Jan-18 2:17:10 PM IST,32.5,11.3,8.9,275.6,275.6,655.2,974.9,308.7,897.8,0.26,29.4,42.2,7.2,4.8,5,44,25.5,7.3,58.9,54.8,18.3,2.5,29.5,12.6
02-Jan-18 2:17:20 PM IST,32.5,11.3,8.7,275.6,275.6,655.2,970.8,308.7,889.5,0.25,29.4,41.9,7.2,3.8,5,45,25.5,7.8,58.9,54.8,18.3,4,29.5,12.9
02-Jan-18 2:17:30 PM IST,32.5,11.3,8.6,278.4,278.4,655.9,966.7,310.7,885.4,0.26,29.4,41.8,7.4,3.2,5,45,25.5,8.9,58.9,55.2,18.1,5.7,29.5,13.4
02-Jan-18 2:17:40 PM IST,32.5,11.3,8.7,278.4,278.4,655.9,966.7,310.7,885.4,0.26,29.4,41.8,7.4,3.2,5,45,25.5,8.9,58.9,55.2,18.1,5.7,29.5,13.4
02-Jan-18 2:17:50 PM IST,32.5,11.3,8.7,280.4,280.4,655.9,966,312.8,885.4,0.27,29.4,41.8,7.6,3.3,5,48,25.5,9.7,58.9,55.7,17.9,6.4,29.5,13.9
02-Jan-18 2:18:00 PM IST,32.5,11.3,8.9,281.8,281.8,655.9,966.7,314.9,887.4,0.26,29.4,41.8,7.7,3.6,5,48,25.5,10.1,58.9,56.3,17.8,6.5,29.5,14.5
02-Jan-18 2:18:10 PM IST,32.5,11.3,9.1,281.8,281.8,655.9,968,314.2,886.7,0.26,29.4,41.8,7.7,3.8,5,48,25.5,10.3,58.9,56.7,17.8,6.5,29.5,14.9
02-Jan-18 2:18:20 PM IST,35,11.3,9.2,281.1,281.1,655.2,962.5,314.2,882.6,0.26,29.4,41.7,7.7,4.1,5,49,25.5,10.4,58.9,57.1,17.8,6.3,29.5,15.4
02-Jan-18 2:18:30 PM IST,35,11.3,9.2,281.1,281.1,655.9,963.9,312.1,885.4,0.26,29.4,41.8,7.6,4.1,5,49,25.5,10.4,58.9,57.1,17.9,6.3,29.5,15.3
02-Jan-18 2:18:41 PM IST,37.5,11.3,9.2,281.1,281.1,655.9,963.9,312.1,885.4,0.26,29.4,41.8,7.6,4.4,5,49,25.5,10.6,58.9,57.4,17.9,6.2,29.5,15.6
02-Jan-18 2:18:50 PM IST,37.5,11.3,9.2,279.7,279.7,655.9,973.6,312.1,890.9,0.25,29.4,41.9,7.5,4.7,5,49,25.5,10.4,58.9,57.6,18,5.7,29.5,15.7
02-Jan-18 2:19:00 PM IST,37.5,11.3,9.1,279.7,279.7,655.9,972.9,312.1,892.9,0.26,29.4,42.1,7.5,4.9,5,49,25.5,10.4,58.9,57.6,18,5.5,29.5,15.5
02-Jan-18 2:19:10 PM IST,37.5,11.3,9.1,279,279,655.9,972.2,311.4,893.6,0.26,29.4,42.1,7.4,5.1,5,49,25.5,10.4,58.9,57.6,18.1,5.3,29.5,15.5
02-Jan-18 2:19:20 PM IST,40,11.3,9.1,279,279,655.9,992.8,310.7,919.8,0.26,29.4,42.9,7.4,4.6,5,50,25.5,10.2,58.9,57.4,18.1,5.6,29.5,14.5
02-Jan-18 2:19:30 PM IST,40,11.3,9.1,279,279,655.9,992.8,310.7,919.8,0.26,29.4,42.9,7.4,4.6,5,50,25.5,10.2,58.9,57.4,18.1,5.6,29.5,14.5
02-Jan-18 2:19:40 PM IST,40,11.3,9.1,277,277,656.6,1048.7,310,974.9,0.26,29.4,44.9,7.3,3.3,5,52,25.5,10,58.9,57.4,18.2,6.7,29.5,12.5
02-Jan-18 2:19:50 PM IST,42.5,11.3,8.8,275.6,275.6,657.3,1087.9,308.7,1010.8,0.26,29.4,46.2,7.2,1.9,5,53,25.5,10.1,58.9,57.7,18.3,8.2,29.5,11.5
02-Jan-18 2:20:01 PM IST,42.5,11.3,8.4,275.6,275.6,657.3,1108.6,306.6,1030.1,0.26,29.6,46.7,7.2,1.5,5,54,25.5,10.3,58.9,58.3,18.3,8.8,29.3,11.6
02-Jan-18 2:20:10 PM IST,42.5,11.3,8.3,275.6,275.6,658.7,1123.1,308.7,1043.8,0.26,29.6,47.2,7.2,1.9,5,55,25.5,10.6,58.9,59.1,18.3,8.7,29.3,11.9
02-Jan-18 2:20:20 PM IST,42.5,11.4,8.4,277,277,660.1,1143.7,309.4,1059,0.26,29.6,47.8,7.3,2.4,5,55,25.5,10.7,58.9,59.1,18.2,8.3,29.3,11.3
02-Jan-18 2:20:30 PM IST,42.5,11.4,8.4,277,277,660.1,1143.7,309.4,1059,0.26,29.6,47.8,7.3,2.4,5,56,25.5,10.7,58.9,59.9,18.2,8.3,29.3,12.1
02-Jan-18 2:20:41 PM IST,42.5,11.4,8.4,276.3,276.3,661.4,1154.1,308.7,1072.1,0.26,29.7,48.1,7.3,2.8,5,56,25.5,10.7,58.9,60.4,18.2,7.9,29.2,12.3
02-Jan-18 2:20:50 PM IST,42.5,11.4,8.4,276.3,276.3,661.4,1157.5,308.7,1074.8,0.26,29.7,48.1,7.2,3.1,5,56,25.5,10.7,58.9,60.7,18.3,7.6,29.2,12.6
02-Jan-18 2:21:00 PM IST,45,11.4,8.4,274.9,274.9,661.4,1155.5,308,1074.2,0.26,29.7,48.1,7.1,3.3,5,56,25.5,10.5,58.9,60.9,18.4,7.2,29.2,12.8
02-Jan-18 2:21:10 PM IST,45,11.4,8.4,273.5,273.5,661.4,1149.9,305.9,1069.3,0.26,29.7,47.9,7.1,3.3,5,57,25.5,10.3,58.9,61.1,18.4,7,29.2,13.2
02-Jan-18 2:21:20 PM IST,45,11.5,8.4,273.5,273.5,661.4,1149.9,305.9,1069.3,0.27,29.7,47.9,7.1,3.3,5,57,25.5,10.3,58.9,61.1,18.4,7,29.2,13.2
02-Jan-18 2:21:30 PM IST,45,11.5,8.4,273.5,273.5,661.4,1150.6,305.9,1068.6,0.26,29.7,47.9,7.1,3.3,5,57,25.5,9.9,58.9,61.3,18.4,6.6,29.2,13.4
02-Jan-18 2:21:40 PM IST,45,11.5,8.4,273.5,273.5,662.1,1149.3,306.6,1069.3,0.26,29.7,47.9,7.1,3.4,5,57,25.5,9.8,58.9,61.3,18.4,6.4,29.2,13.4
02-Jan-18 2:21:50 PM IST,45,11.5,8.4,273.5,273.5,662.1,1144.4,305.9,1065.2,0.26,29.7,47.7,7.1,3.4,5,57,25.5,9.7,58.9,61.3,18.4,6.3,29.2,13.6
02-Jan-18 2:22:00 PM IST,45,11.6,8.4,273.5,273.5,662.8,1160.3,305.9,1078.3,0.26,29.7,48.2,7.1,3.6,5,57,25.5,9.6,58.9,61.3,18.4,6,29.2,13.1
02-Jan-18 2:22:10 PM IST,45,11.6,8.4,273.5,273.5,662.8,1154.8,305.9,1074.8,0.26,29.7,48.1,7.1,3.6,5,56,25.5,9.4,58.9,61.3,18.4,5.8,29.2,13.2
02-Jan-18 2:22:20 PM IST,45,11.7,8.4,273.5,273.5,662.8,1154.8,305.9,1074.8,0.26,29.7,48.1,7.1,3.6,5,56,25.5,9.4,58.9,61.3,18.4,5.8,29.2,13.2
02-Jan-18 2:22:31 PM IST,45,11.7,8.4,273.5,273.5,663.5,1156.8,305.9,1074.8,0.26,29.7,48.1,7.1,3.5,5,56,25.5,9.2,58.9,61.3,18.4,5.7,29.2,13.2
02-Jan-18 2:22:40 PM IST,45,11.7,8.4,273.5,273.5,663.5,1149.9,306.6,1070.7,0.26,29.7,47.9,7.1,3.4,5,57,25.5,9.4,58.9,61.3,18.4,6,29.2,13.4
02-Jan-18 2:22:50 PM IST,45,11.7,8.4,273.5,273.5,663.5,1142.4,306.6,1063.8,0.26,29.7,47.7,7.1,3.4,5,58,25.5,9.6,58.9,61.3,18.4,6.2,29.2,13.6
02-Jan-18 2:23:00 PM IST,45,11.7,8.4,273.5,273.5,664.2,1149.9,308,1070.7,0.26,29.8,47.9,7.1,3.6,5,58,25.5,9.7,58.9,61.3,18.4,6.1,29.1,13.4
02-Jan-18 2:23:10 PM IST,45,11.7,8.4,274.2,274.2,664.2,1149.9,306.6,1070,0.26,29.8,47.9,7.1,3.6,5,58,25.5,9.7,58.9,61.3,18.4,6.1,29.1,13.4
02-Jan-18 2:23:20 PM IST,45,11.7,8.4,274.2,274.2,664.2,1149.9,306.6,1070,0.25,29.8,47.9,7.1,3.7,5,57,25.5,9.6,58.9,61.3,18.4,5.9,29.1,13.4
02-Jan-18 2:23:31 PM IST,45,11.6,8.6,274.2,274.2,663.5,1143.1,305.9,1063.1,0.26,29.8,47.6,7.1,3.7,5,57,25.5,9.3,58.9,61.1,18.4,5.6,29.1,13.5
02-Jan-18 2:23:40 PM IST,45,11.6,8.4,272.8,272.8,663.5,1136.2,305.9,1061.1,0.26,29.7,47.5,6.9,3.4,5,57,25.5,9.1,58.9,61,18.6,5.7,29.2,13.5
02-Jan-18 2:23:50 PM IST,45,11.6,8.4,272.8,272.8,662.8,1139.6,305.9,1061.1,0.26,29.7,47.7,6.9,3.3,5,58,25.5,9.4,58.9,61,18.6,6.1,29.2,13.3
02-Jan-18 2:24:00 PM IST,45,11.5,8.4,272.8,272.8,662.8,1143.1,305.9,1062.4,0.26,29.7,47.7,6.9,3.5,5,58,25.5,9.4,58.9,61,18.6,5.9,29.2,13.3
02-Jan-18 2:24:10 PM IST,42.5,11.6,8.4,272.8,272.8,662.8,1143.1,305.9,1062.4,0.27,29.7,47.7,6.9,3.5,5,58,25.5,9.4,58.9,61,18.6,5.9,29.2,13.3
02-Jan-18 2:24:20 PM IST,42.5,11.6,8.4,272.8,272.8,662.1,1152,305.9,1074.8,0.26,29.7,48.1,6.9,3.6,5,57,25.5,9.3,58.9,61,18.6,5.7,29.2,12.9
02-Jan-18 2:24:30 PM IST,40,11.5,8.4,272.2,272.2,661.4,1161.7,304.5,1083.1,0.27,29.7,48.4,6.9,3.6,5,56,25.5,9,58.9,60.9,18.6,5.4,29.2,12.5
02-Jan-18 2:24:41 PM IST,40,11.5,8.4,272.2,272.2,662.1,1170.6,304.5,1089.3,0.26,29.7,48.5,6.9,3.5,5,55,25.5,8.8,58.9,60.9,18.6,5.3,29.2,12.4
02-Jan-18 2:24:51 PM IST,40,11.4,8.3,272.2,272.2,662.1,1147.2,304.5,1063.8,0.26,29.7,48.1,6.9,2.9,5,56,25.5,9.1,58.9,61.1,18.6,6.2,29.2,13
02-Jan-18 2:25:00 PM IST,40,11.4,8.2,272.2,272.2,662.1,1152,304.5,1070.7,0.26,29.7,48.1,6.9,2.9,5,56,25.5,9.1,58.9,61.1,18.6,6.2,29.2,13
02-Jan-18 2:25:10 PM IST,40,11.4,8.2,272.2,272.2,662.1,1152,304.5,1070.7,0.26,29.7,48.1,6.9,3.2,5,58,25.5,9.4,58.9,61.3,18.6,6.2,29.2,13.2
02-Jan-18 2:25:20 PM IST,37.5,11.4,8.2,272.8,272.8,662.1,1154.1,305.9,1072.1,0.27,29.7,48.1,7,3.4,5,57,25.5,9.6,58.9,61.3,18.5,6.2,29.2,13.2
02-Jan-18 2:25:30 PM IST,35,11.4,8.4,272.8,272.8,662.1,1154.1,305.2,1072.8,0.26,29.7,47.9,7,3.7,5,55,25.5,9.3,58.9,61.2,18.5,5.6,29.2,13.3
02-Jan-18 2:25:40 PM IST,35,11.4,8.4,272.8,272.8,662.1,1110.7,305.2,1019,0.26,29.7,46.2,7,5.6,5,52,25.5,9.1,58.9,61.1,18.5,3.5,29.2,14.9
02-Jan-18 2:25:50 PM IST,35,11.3,8.4,274.2,274.2,662.1,1044.5,306.6,960.5,0.26,29.7,44.2,7.1,6.7,5,49,25.5,8.3,58.9,60.6,18.4,1.6,29.2,16.4
02-Jan-18 2:26:00 PM IST,35,11.3,8.8,274.2,274.2,662.1,1044.5,306.6,960.5,0.26,29.7,44.2,7.1,6.7,5,49,25.5,8.3,58.9,60.6,18.4,1.6,29.2,16.4
02-Jan-18 2:26:11 PM IST,35,11.3,8.8,275.6,275.6,662.1,1014.9,308.7,937,0.26,29.7,43.4,7.2,6.8,5,49,25.5,8,58.9,59.5,18.3,1.2,29.2,16.1
02-Jan-18 2:26:20 PM IST,32.5,11.3,9.1,275.6,275.6,662.8,1019,308.7,949.4,0.26,29.7,43.6,7.2,6.6,5,47,25.5,7.9,58.9,57.9,18.3,1.3,29.2,14.3
02-Jan-18 2:26:31 PM IST,32.5,11.3,9.1,275.6,275.6,662.1,1014.9,308,943.9,0.26,29.7,43.4,7.2,6.3,5,44,25.5,7.8,58.9,56.7,18.3,1.5,29.2,13.3
02-Jan-18 2:26:40 PM IST,35,11.3,9.1,275.6,275.6,661.4,1005.9,308,932.9,0.26,29.7,43.1,7.2,5.5,5,43,25.5,7.6,58.9,55.8,18.3,2.1,29.2,12.7
02-Jan-18 2:26:50 PM IST,35,11.3,8.9,275.6,275.6,660.8,997.7,308.7,918.4,0.26,29.7,42.8,7.2,4.4,5,43,25.5,7.4,58.9,55.8,18.3,3,29.2,13
02-Jan-18 2:27:00 PM IST,35,11.3,8.9,275.6,275.6,660.8,997.7,308.7,918.4,0.25,29.7,42.8,7.2,4.4,5,43,25.5,7.4,58.9,55.4,18.3,3,29.2,12.6
02-Jan-18 2:27:10 PM IST,37.5,11.3,8.6,277,277,660.1,979.8,310,899.1,0.26,29.7,42.3,7.3,3.3,5,47,25.5,8.3,58.9,55.6,18.2,5,29.2,13.3
02-Jan-18 2:27:20 PM IST,37.5,11.3,8.6,280.4,280.4,659.4,970.8,312.1,891.6,0.25,29.6,41.9,7.6,3.2,5,48,25.5,9.4,58.9,56.1,17.9,6.2,29.3,14.2
02-Jan-18 2:27:30 PM IST,37.5,11.3,8.9,282.5,282.5,659.4,969.4,314.9,892.3,0.26,29.6,42,7.7,3.5,5,48,25.5,10,58.9,56.6,17.8,6.5,29.3,14.6
02-Jan-18 2:27:40 PM IST,37.5,11.3,9.1,282.5,282.5,658.7,977.7,315.6,898.5,0.25,29.6,42.3,7.7,3.9,5,48,25.5,10.3,58.9,57.1,17.8,6.4,29.3,14.8
02-Jan-18 2:27:50 PM IST,40,11.3,9.2,282.5,282.5,658.7,977.7,315.6,898.5,0.26,29.6,42.3,7.7,3.9,5,48,25.5,10.3,58.9,57.1,17.8,6.4,29.3,14.8
02-Jan-18 2:28:00 PM IST,40,11.3,9.2,282.5,282.5,658.7,985.3,314.9,904.7,0.26,29.6,42.6,7.7,4.1,5,49,25.5,10.5,58.9,57.6,17.8,6.4,29.3,15
02-Jan-18 2:28:10 PM IST,40,11.3,9.2,280.4,280.4,657.3,1019,312.8,939.8,0.26,29.5,43.9,7.6,2.9,5,52,25.5,10.5,58.9,57.9,17.9,7.6,29.4,14
02-Jan-18 2:28:20 PM IST,42.5,11.3,9.1,279,279,657.3,1056.9,311.4,977,0.26,29.5,45.1,7.4,2.2,5,53,25.5,10.5,58.9,58.1,18.1,8.3,29.4,13
02-Jan-18 2:28:30 PM IST,42.5,11.3,8.8,277.7,277.7,658.7,1094.8,310,1014.9,0.25,29.5,46.3,7.3,1.6,5,54,25.5,10.6,58.9,58.4,18.2,9,29.4,12.1
02-Jan-18 2:28:40 PM IST,42.5,11.3,8.6,276.3,276.3,659.4,1118.9,308.7,1041.1,0.26,29.6,46.3,7.3,1.9,5,54,25.5,10.7,58.9,59.1,18.2,8.8,29.3,12.8
02-Jan-18 2:28:50 PM IST,42.5,11.3,8.4,276.3,276.3,659.4,1118.9,308.7,1041.1,0.26,29.6,46.3,7.3,1.9,5,54,25.5,10.7,58.9,59.1,18.2,8.8,29.3,12.8
02-Jan-18 2:29:00 PM IST,42.5,11.3,8.4,275.6,275.6,660.1,1134.8,308.7,1051.4,0.26,29.6,47.5,7.2,2.2,5,54,25.5,10.7,58.9,59.7,18.3,8.5,29.3,12.2
02-Jan-18 2:29:10 PM IST,42.5,11.3,8.4,275.6,275.6,660.1,1141.7,308,1060.4,0.26,29.6,47.7,7.2,2.4,5,56,25.5,10.7,58.8,60.2,18.3,8.3,29.2,12.5
02-Jan-18 2:29:20 PM IST,42.5,11.3,8.4,274.2,274.2,659.4,1147.9,306.6,1063.1,0.26,29.6,47.7,7.1,2.8,5,56,25.5,10.6,58.8,60.6,18.4,7.8,29.2,12.9
02-Jan-18 2:29:30 PM IST,42.5,11.3,8.4,274.2,274.2,657.3,1147.9,306.6,1065.2,0.26,29.6,47.9,7.1,2.9,5,56,25.5,10.4,58.8,60.8,18.4,7.5,29.2,12.9
02-Jan-18 2:29:40 PM IST,42.5,11.3,8.4,273.5,273.5,655.9,1152,305.9,1072.1,0.26,29.4,47.9,7.1,2.9,5,56,25.5,10.4,58.8,60.8,18.4,7.5,29.4,12.9
02-Jan-18 2:29:50 PM IST,42.5,11.3,8.4,273.5,273.5,655.9,1152,305.9,1072.1,0.26,29.4,47.9,7.1,3.2,5,56,25.5,10.3,58.8,61,18.4,7.1,29.4,13.1
02-Jan-18 2:30:01 PM IST,42.5,11.4,8.4,273.5,273.5,655.9,1150.6,305.2,1070.7,0.25,29.4,48.1,7.1,3.2,5,57,25.5,10.1,58.8,61.1,18.4,6.9,29.4,13
02-Jan-18 2:30:10 PM IST,42.5,11.4,8.3,272.8,272.8,656.6,1157.5,305.2,1077.6,0.25,29.4,48.1,7,3.4,5,56,25.5,9.9,58.8,61.2,18.5,6.5,29.4,13.1
02-Jan-18 2:30:20 PM IST,42.5,11.4,8.3,272.8,272.8,659.4,1167.2,305.2,1084.5,0.26,29.6,48.3,7,3.4,5,56,25.5,9.5,58.8,61.3,18.5,6.1,29.2,13
02-Jan-18 2:30:30 PM IST,42.5,11.4,8.3,272.8,272.8,658.7,1159.6,304.5,1076.2,0.27,29.6,48.2,7,3.4,5,56,25.5,9.4,58.8,61.4,18.5,6,29.2,13.2
02-Jan-18 2:30:40 PM IST,42.5,11.5,8.3,272.8,272.8,658.7,1159.6,304.5,1076.2,0.27,29.6,48.2,7,3.4,5,56,25.5,9.4,58.8,61.4,18.5,6,29.2,13.2
02-Jan-18 2:30:50 PM IST,42.5,11.5,8.3,272.8,272.8,658.7,1150.6,304.5,1070.7,0.26,29.6,48,7,3.2,5,57,25.5,9.3,58.8,61.4,18.5,6.1,29.2,13.4
02-Jan-18 2:31:01 PM IST,42.5,11.5,8.2,272.8,272.8,659.4,1135.5,305.2,1065.2,0.26,29.6,47.7,7,3.2,5,57,25.5,9.5,58.8,61.4,18.5,6.3,29.2,13.7
02-Jan-18 2:31:10 PM IST,42.5,11.5,8.3,272.8,272.8,659.4,1127.9,305.9,1049.3,0.26,29.6,47.2,7,3.3,5,58,25.5,9.5,58.8,61.4,18.5,6.2,29.2,14.2
02-Jan-18 2:31:20 PM IST,42.5,11.5,8.3,272.8,272.8,657.3,1129.3,305.9,1057.6,0.26,29.6,47.6,7,3.4,5,58,25.5,9.6,58.8,61.3,18.5,6.2,29.2,13.7
02-Jan-18 2:31:31 PM IST,42.5,11.6,8.3,272.8,272.8,658.7,1148.6,305.9,1070.7,0.25,29.6,47.8,7,3.7,5,58,25.5,9.5,58.8,61.3,18.5,5.8,29.2,13.5
02-Jan-18 2:31:40 PM IST,42.5,11.6,8.3,272.8,272.8,658.7,1148.6,305.9,1070.7,0.26,29.6,47.8,7,3.7,5,57,25.5,9.5,58.8,61.2,18.5,5.8,29.2,13.4
02-Jan-18 2:31:50 PM IST,42.5,11.6,8.4,272.8,272.8,657.3,1153.4,305.2,1076.2,0.26,29.6,48,7,3.7,5,56,25.5,8.7,58.8,61.1,18.5,5,29.2,13.1
02-Jan-18 2:32:00 PM IST,42.5,11.6,8.4,272.8,272.8,657.3,1173.4,304.5,1091.4,0.26,29.6,48.6,7,3.4,5,55,25.5,8.7,58.8,60.9,18.5,5.3,29.2,12.3
02-Jan-18 2:32:10 PM IST,42.5,11.6,8.4,272.8,272.8,656.6,1180.9,305.2,1100.3,0.26,29.4,48.8,7,3.3,5,56,25.5,8.9,58.8,61.1,18.5,5.6,29.4,12.3
02-Jan-18 2:32:20 PM IST,42.5,11.5,8.3,272.8,272.8,655.9,1178.2,305.2,1094.8,0.26,29.4,48.8,7,3.3,5,57,25.5,9.3,58.8,61.3,18.5,6,29.4,12.5
02-Jan-18 2:32:31 PM IST,42.5,11.5,8.3,272.8,272.8,655.9,1178.2,305.2,1094.8,0.26,29.4,48.8,7,3.3,5,57,25.5,9.3,58.8,61.3,18.5,6,29.4,12.5
02-Jan-18 2:32:40 PM IST,42.5,11.5,8.3,272.8,272.8,655.9,1180.9,305.9,1096.2,0.27,29.4,48.8,7,3.3,5,57,25.5,9.6,58.8,61.4,18.5,6.3,29.4,12.6
02-Jan-18 2:32:50 PM IST,42.5,11.5,8.4,272.8,272.8,656.6,1174.1,305.9,1091.4,0.26,29.4,48.7,7,3.4,5,56,25.5,9.6,58.8,61.6,18.5,6.2,29.4,12.9
02-Jan-18 2:33:01 PM IST,40,11.5,8.4,272.8,272.8,657.3,1183,305.2,1100.3,0.26,29.4,48.8,7,3.5,5,56,25.5,9.4,58.8,61.6,18.5,5.9,29.4,12.8
02-Jan-18 2:33:10 PM IST,40,11.5,8.4,272.8,272.8,657.3,1164.4,304.5,1083.1,0.26,29.4,48.3,7,3.3,5,56,25.6,9.3,58.8,61.6,18.6,6,29.4,13.3
02-Jan-18 2:33:20 PM IST,37.5,11.4,8.3,272.8,272.8,657.3,1158.2,304.5,1072.1,0.26,29.4,48.1,7,3.1,5,57,25.6,9.4,58.8,61.7,18.6,6.3,29.4,13.6
02-Jan-18 2:33:31 PM IST,37.5,11.4,8.2,272.8,272.8,657.3,1158.2,304.5,1072.1,0.26,29.4,48.1,7,3.1,5,57,25.6,9.4,58.8,61.7,18.6,6.3,29.4,13.6
02-Jan-18 2:33:40 PM IST,37.5,11.4,8.2,272.8,272.8,657.3,1147.9,304.5,1067.3,0.26,29.4,47.9,7,3.3,5,58,25.6,9.6,58.8,61.7,18.6,6.3,29.4,13.8
02-Jan-18 2:33:50 PM IST,35,11.4,8.3,272.8,272.8,657.3,1155.5,304.5,1072.1,0.26,29.4,47.9,7,3.6,5,57,25.6,9.6,58.8,61.7,18.6,6,29.4,13.8
02-Jan-18 2:34:01 PM IST,35,11.3,8.4,272.8,272.8,658.7,1114.8,305.2,1023.9,0.26,29.6,46.3,7,5.6,5,53,25.6,9.3,58.8,61.5,18.6,3.7,29.2,15.2
02-Jan-18 2:34:10 PM IST,35,11.4,8.4,274.9,274.9,659.4,1060.4,308,972.9,0.26,29.6,44.7,7.2,6.8,5,49,25.6,8.6,58.8,60.9,18.4,1.8,29.2,16.2
02-Jan-18 2:34:20 PM IST,35,11.3,8.9,276.3,276.3,659.4,1030.7,308.7,960.5,0.26,29.6,44.7,7.2,6.8,5,49,25.6,8.6,58.8,60.9,18.4,1.8,29.2,16.2
02-Jan-18 2:34:32 PM IST,35,11.3,8.9,276.3,276.3,659.4,1030.7,308.7,960.5,0.27,29.6,44,7.2,7,5,49,25.6,8.1,58.8,59.7,18.4,1.1,29.2,15.7
02-Jan-18 2:34:40 PM IST,35,11.3,9.1,276.3,276.3,659.4,1019.7,308.7,952.2,0.26,29.6,43.6,7.2,6.8,5,47,25.6,8,58.8,58.1,18.4,1.2,29.2,14.5
02-Jan-18 2:34:50 PM IST,35,11.3,9.1,276.3,276.3,660.8,1025.9,308,958.4,0.26,29.6,43.9,7.2,6.5,5,45,25.6,7.9,58.8,56.5,18.4,1.4,29.2,12.6
02-Jan-18 2:35:01 PM IST,35,11.3,8.9,274.9,274.9,661.4,1028.7,308,958.4,0.25,29.6,43.9,7.2,6,5,43,25.6,7.7,58.8,55.6,18.4,1.7,29.2,11.7
02-Jan-18 2:35:10 PM IST,35,11.3,8.7,274.9,274.9,662.1,1024.5,308.7,950.8,0.26,29.7,43.8,7.2,4.9,5,42,25.6,7.4,58.8,55.1,18.4,2.5,29.1,11.3
02-Jan-18 2:35:20 PM IST,35,11.3,8.6,274.9,274.9,662.1,1024.5,308.7,950.8,0.26,29.7,43.8,7.2,4.9,5,42,25.6,7.4,58.8,55.1,18.4,2.5,29.1,11.3
02-Jan-18 2:35:31 PM IST,35,11.3,8.6,277.7,277.7,660.8,1016.3,310.7,940.5,0.26,29.6,43.4,7.4,3.7,5,43,25.6,7.4,58.8,55.1,18.2,3.7,29.2,11.7
02-Jan-18 2:35:40 PM IST,35,11.3,8.6,281.8,281.8,660.8,988.7,310.7,905.3,0.27,29.6,42.4,7.4,2.3,5,47,25.6,8.6,58.8,55.4,18.2,6.3,29.2,13
02-Jan-18 2:35:51 PM IST,35,11.3,8.9,281.8,281.8,658.7,962.5,314.2,879.9,0.26,29.6,41.7,7.7,2.7,5,48,25.6,9.6,58.8,56.1,17.9,6.9,29.2,14.4
02-Jan-18 2:36:03 PM IST,35,11.3,9.1,281.8,281.8,656.6,959.8,314.9,880.5,0.25,29.4,41.6,7.7,3.3,5,49,25.6,10.1,58.8,56.7,17.9,6.8,29.4,15.1
02-Jan-18 2:36:10 PM IST,35,11.3,9.2,281.8,281.8,654.5,959.8,314.9,880.5,0.26,29.4,41.6,7.7,3.3,5,49,25.6,10.1,58.8,56.7,17.9,6.8,29.4,15.1
02-Jan-18 2:36:20 PM IST,35,11.3,9.2,281.8,281.8,654.5,961.8,312.8,879.9,0.26,29.4,41.7,7.6,3.7,5,49,25.6,10.3,58.8,57.1,18,6.6,29.4,15.4
02-Jan-18 2:36:32 PM IST,35,11.3,9.2,281.8,281.8,654.5,963.9,312.8,884.7,0.26,29.3,41.8,7.6,4.2,5,49,25.6,10.5,58.8,57.6,18,6.3,29.5,15.8
02-Jan-18 2:36:40 PM IST,37.5,11.3,9.2,280.4,280.4,653.9,981.8,312.1,900.5,0.26,29.3,42.4,7.6,4.7,5,49,25.6,10.5,58.8,57.9,18,5.8,29.5,15.5
02-Jan-18 2:36:50 PM IST,40,11.3,9.2,279,279,653.9,1022.5,311.4,939.1,0.26,29.3,42.7,7.4,5,5,49,25.6,10.4,58.8,57.9,18.2,5.4,29.5,15.2
02-Jan-18 2:37:02 PM IST,42.5,11.3,9.1,277.7,277.7,654.5,1048.7,310,939.1,0.27,29.3,43.8,7.3,3.8,5,51,25.6,10.2,58.8,57.9,18.3,6.4,29.5,14.1
02-Jan-18 2:37:10 PM IST,42.5,11.3,9.1,277.7,277.7,654.5,1048.7,310,939.1,0.26,29.3,43.8,7.3,3.8,5,51,25.6,10.2,58.8,57.9,18.3,6.4,29.5,14.1
02-Jan-18 2:37:20 PM IST,42.5,11.3,8.7,276.3,276.3,655.2,1083.1,308.7,970.1,0.26,29.3,44.7,7.2,2.8,5,52,25.6,10.2,58.8,58.2,18.4,7.4,29.5,13.5
02-Jan-18 2:37:31 PM IST,42.5,11.3,8.4,276.3,276.3,655.2,1110,308,1002.5,0.26,29.4,46,7.2,2,5,54,25.6,10.4,58.8,58.7,18.4,8.4,29.4,12.7
02-Jan-18 2:37:40 PM IST,42.5,11.3,8.4,276.3,276.3,655.9,1123.1,308,1041.1,0.26,29.4,47.2,7.2,1.9,5,54,25.6,10.6,58.8,59.3,18.4,8.7,29.4,12.1
02-Jan-18 2:37:50 PM IST,42.5,11.3,8.3,276.3,276.3,657.3,1133.4,308,1050.7,0.26,29.5,47.4,7.2,2.3,5,56,25.6,10.7,58.8,59.9,18.4,8.4,29.3,12.5
02-Jan-18 2:38:02 PM IST,42.5,11.3,8.4,276.3,276.3,657.3,1139.6,308.7,1050.7,0.26,29.5,47.4,7.2,2.3,5,56,25.6,10.7,58.8,59.9,18.4,8.4,29.3,12.5
02-Jan-18 2:38:10 PM IST,42.5,11.3,8.4,276.3,276.3,657.3,1139.6,308.7,1056.2,0.26,29.5,47.6,7.2,2.6,5,56,25.6,10.7,58.8,60.4,18.4,8.1,29.3,12.8
02-Jan-18 2:38:20 PM IST,42.5,11.4,8.4,274.9,274.9,656.6,1146.5,308,1064.5,0.26,29.5,47.9,7.2,3,5,56,25.6,10.6,58.8,60.7,18.4,7.6,29.3,12.8
02-Jan-18 2:38:33 PM IST,42.5,11.4,8.4,274.9,274.9,657.3,1156.8,308,1076.2,0.26,29.5,48.1,7.2,3.3,5,56,25.6,10.4,58.8,60.8,18.4,7.1,29.3,12.7
02-Jan-18 2:38:40 PM IST,42.5,11.5,8.4,274.2,274.2,658.7,1166.5,306.6,1084.5,0.26,29.6,48.4,7.1,3.4,5,56,25.6,10.2,58.8,60.9,18.5,6.8,29.2,12.5
02-Jan-18 2:38:50 PM IST,45,11.4,8.4,273.5,273.5,658.7,1165.1,305.9,1083.1,0.26,29.6,48.3,7,3.3,5,56,25.6,9.8,58.8,61.2,18.6,6.5,29.2,12.9
02-Jan-18 2:39:00 PM IST,45,11.5,8.4,273.5,273.5,658.7,1165.1,305.9,1083.1,0.26,29.6,48.3,7,3.3,5,56,25.6,9.8,58.8,61.2,18.6,6.5,29.2,12.9
02-Jan-18 2:39:10 PM IST,45,11.5,8.4,273.5,273.5,657.3,1157.5,305.9,1074.8,0.26,29.5,48.1,7,3.2,5,57,25.6,9.6,58.8,61.3,18.6,6.4,29.3,13.2
02-Jan-18 2:39:20 PM IST,45,11.5,8.4,273.5,273.5,655.9,1156.8,305.2,1074.2,0.26,29.4,48.1,7,3.2,5,57,25.6,9.6,58.8,61.4,18.6,6.4,29.4,13.3
02-Jan-18 2:39:31 PM IST,45,11.5,8.4,273.5,273.5,655.2,1141.7,305.9,1061.7,0.26,29.4,47.7,7,3.2,5,58,25.6,9.7,58.8,61.5,18.6,6.5,29.4,13.8
02-Jan-18 2:39:40 PM IST,45,11.6,8.4,273.5,273.5,654.5,1149.9,305.9,1070,0.26,29.4,47.9,7,3.5,5,58,25.6,9.7,58.8,61.4,18.6,6.2,29.4,13.5
02-Jan-18 2:39:50 PM IST,45,11.6,8.4,273.5,273.5,654.5,1152,305.9,1074.2,0.26,29.4,47.9,7,3.5,5,58,25.6,9.7,58.8,61.4,18.6,6.2,29.4,13.5
02-Jan-18 2:40:00 PM IST,45,11.6,8.4,273.5,273.5,654.5,1152,305.9,1074.2,0.26,29.4,48,7,3.7,5,57,25.6,9.6,58.8,61.3,18.6,5.9,29.4,13.3
02-Jan-18 2:40:11 PM IST,45,11.7,8.4,273.5,273.5,653.9,1158.2,305.9,1076.2,0.26,29.4,48,7,3.7,5,56,25.6,9.1,58.8,61.1,18.6,5.4,29.4,13.1
02-Jan-18 2:40:20 PM IST,45,11.7,8.4,273.5,273.5,653.9,1158.2,305.9,1078.3,0.27,29.4,48.2,7,3.4,5,56,25.6,9.1,58.8,61.1,18.6,5.7,29.4,12.9
02-Jan-18 2:40:30 PM IST,45,11.7,8.4,273.5,273.5,654.5,1152,305.9,1072.8,0.25,29.4,48.1,7,3.3,5,57,25.6,9.2,58.9,61.2,18.6,5.9,29.5,13.1
02-Jan-18 2:40:40 PM IST,45,11.7,8.4,274.2,274.2,655.9,1162.3,306.6,1081.7,0.26,29.4,48.3,7.1,3.3,5,57,25.6,9.4,58.9,61.3,18.5,6.1,29.5,13
02-Jan-18 2:40:51 PM IST,45,11.6,8.4,274.2,274.2,655.2,1161,306.6,1079,0.27,29.4,48.2,7.1,3.3,5,57,25.6,9.4,58.9,61.3,18.5,6.1,29.5,13.1
02-Jan-18 2:41:01 PM IST,45,11.6,8.4,274.2,274.2,655.2,1161,306.6,1079,0.26,29.4,48.2,7.1,3.5,5,57,25.6,9.7,58.9,61.3,18.5,6.2,29.5,13.1
02-Jan-18 2:41:10 PM IST,45,11.6,8.4,274.2,274.2,656.6,1148.6,306.6,1070,0.26,29.4,47.9,7.1,3.5,5,57,25.6,9.4,58.9,61.3,18.5,5.9,29.5,13.4
02-Jan-18 2:41:20 PM IST,45,11.6,8.4,273.5,273.5,655.9,1158.2,305.9,1081,0.26,29.4,48.2,7,3.5,5,57,25.6,9.4,58.9,61.3,18.6,5.9,29.5,13.1
02-Jan-18 2:41:30 PM IST,45,11.5,8.4,273.5,273.5,655.9,1153.4,305.9,1072.8,0.27,29.4,47.9,7,3.5,5,57,25.6,9.2,58.9,61.3,18.6,5.7,29.5,13.4
02-Jan-18 2:41:40 PM IST,45,11.5,8.4,273.5,273.5,655.9,1138.2,305.2,1057.6,0.26,29.4,47.5,7,3.2,5,57,25.6,9.2,58.9,61.3,18.6,6,29.5,13.8
02-Jan-18 2:41:50 PM IST,45,11.5,8.4,273.5,273.5,655.9,1138.2,305.2,1057.6,0.26,29.4,47.5,7,3.2,5,57,25.6,9.1,58.9,61.3,18.6,5.9,29.5,13.8
02-Jan-18 2:42:00 PM IST,42.5,11.5,8.4,272.8,272.8,655.2,1144.4,305.2,1064.5,0.26,29.4,47.8,6.9,3.2,5,58,25.6,9.3,58.9,61.3,18.7,6.1,29.5,13.5
02-Jan-18 2:42:10 PM IST,42.5,11.5,8.4,272.8,272.8,655.9,1149.9,305.2,1067.9,0.26,29.4,47.9,6.9,3.4,5,58,25.6,9.6,58.9,61.3,18.7,6.2,29.5,13.4
02-Jan-18 2:42:20 PM IST,40,11.4,8.4,273.5,273.5,658.7,1150.6,305.2,1074.2,0.26,29.6,47.9,6.9,3.6,5,57,25.6,9.4,58.9,61.2,18.7,5.8,29.3,13.3
02-Jan-18 2:42:30 PM IST,40,11.5,8.4,272.2,272.2,660.8,1156.8,305.2,1077.6,0.26,29.6,48.2,6.9,3.5,5,56,25.6,9,58.9,61.1,18.7,5.5,29.3,12.9
02-Jan-18 2:42:40 PM IST,40,11.4,8.3,272.2,272.2,660.8,1156.8,305.2,1077.6,0.26,29.6,48.2,6.9,3.5,5,56,25.6,9,58.9,61.1,18.7,5.5,29.3,12.9
02-Jan-18 2:42:50 PM IST,40,11.4,8.3,272.2,272.2,660.8,1157.5,303.8,1076.2,0.26,29.6,48.2,6.9,3.3,5,56,25.6,8.8,58.9,61,18.7,5.5,29.3,12.8
02-Jan-18 2:43:00 PM IST,37.5,11.4,8.2,272.2,272.2,659.4,1166.5,303.8,1087.2,0.26,29.6,48.6,6.9,3.2,5,57,25.6,8.9,58.9,61.1,18.7,5.7,29.3,12.5
02-Jan-18 2:43:10 PM IST,35,11.4,8.2,272.2,272.2,658.7,1177.5,304.5,1094.8,0.27,29.6,48.7,6.9,3.2,5,56,25.6,9.2,58.9,61.2,18.7,6,29.3,12.5
02-Jan-18 2:43:20 PM IST,35,11.3,8.4,275.6,275.6,658.7,1136.2,304.5,1043.1,0.26,29.6,46.9,6.9,5.3,5,52,25.6,9.3,58.9,61.3,18.7,4,29.3,14.4
02-Jan-18 2:43:30 PM IST,35,11.3,8.4,275.6,275.6,657.3,1050.7,308.7,966.7,0.26,29.4,44.5,7.2,6.8,5,52,25.6,8.8,58.9,60.9,18.4,2,29.5,16.4
02-Jan-18 2:43:40 PM IST,32.5,11.3,8.4,275.6,275.6,657.3,1050.7,308.7,966.7,0.26,29.4,44.5,7.2,6.8,5,50,25.6,8.8,58.9,60.9,18.4,2,29.5,16.4
02-Jan-18 2:43:50 PM IST,32.5,11.3,8.8,276.3,276.3,654.5,1025.9,308.7,955,0.26,29.4,43.8,7.3,6.9,5,49,25.6,8.2,58.9,59.6,18.3,1.3,29.5,15.8
02-Jan-18 2:44:00 PM IST,32.5,11.3,9.1,276.3,276.3,653.9,1001.8,308,932.9,0.26,29.3,42.9,7.2,6.6,5,47,25.6,8,58.9,57.8,18.4,1.4,29.6,14.9
02-Jan-18 2:44:10 PM IST,32.5,11.3,9.1,274.9,274.9,653.2,990.1,308,921.9,0.26,29.3,42.6,7.2,6.2,5,45,25.6,7.8,58.9,56.5,18.4,1.6,29.6,13.9
02-Jan-18 2:44:20 PM IST,32.5,11.3,9.1,274.9,274.9,653.2,997,308,924.6,0.26,29.3,42.8,7.1,5.6,5,43,25.6,7.6,58.9,55.7,18.5,2,29.6,12.9
01-Jan-18 3:49:51 PM IST,42.5,11.3,8.9,274.9,274.9,653.9,990.1,308,913.6,0.26,29.3,42.6,7.1,4.6,5,43,25.6,7.3,58.9,55.3,18.5,2.7,29.6,12.7
,,11.3,8.6,276.3,276.3,655.2,986.6,308.7,904.7,0.26,29.4,42.4,7.3,3.5,5,46,25.6,8.2,58.9,55.4,18.3,4.7,29.5,13
,,11.3,8.6,279,279,655.9,986.6,311.4,905.3,0.26,29.4,42.4,7.5,3.2,5,46,25.6,9.2,58.9,55.8,18.1,6,29.5,13.4
,,,8.7,281.1,281.1,655.9,981.1,312.8,905.3,0.26,29.4,42.4,7.6,3.2,5,47,25.6,9.9,58.9,56.4,,,,
,,,9.1,281.1,281.1,655.9,981.1,312.8,905.3,0.26,29.4,42.4,7.6,3.2,5,47,25.6,9.9,58.9,56.4,,,,
,,,9.1,281.1,281.1,658.7,981.1,314.2,897.8,0.25,29.4,42.2,7.6,3.4,5,48,25.6,9.9,58.9,56.4,,,,
,,,,281.1,281.1,659.4,972.9,314.2,893.6,0.26,29.6,42.1,7.6,3.7,5,48,25.6,10.2,58.9,57,,,,
,,,,281.1,281.1,660.8,988,314.2,901.9,0.26,29.6,42.4,7.6,4,5,48,25.6,10.6,58.9,57.8,,,,
,,,,279.7,279.7,662.8,988,314.2,906,0.26,29.6,42.6,7.6,4.4,5,48,25.6,10.6,58.9,57.8,,,,
,,,,279.7,279.7,662.8,995.6,312.1,910.2,0.26,29.8,42.8,7.5,4.6,5,49,25.6,10.6,58.9,58.1,,,,
,,,,,,662.8,986.6,311.4,906,0.25,29.8,42.5,7.5,4.8,5,49,25.6,10.6,58.9,58.1,,,,
,,,,,,662.1,1014.9,311.4,935.7,0.26,29.7,43.7,7.4,3.6,5,51,25.6,10.4,58.9,58.1,,,,
,,,,,,660.8,1057.6,309.4,979.1,0.26,29.6,45.1,7.3,2.6,5,53,25.6,10.2,58.9,58.1,,,,
,,,,,,660.1,1057.6,308,979.1,0.26,29.6,45.1,7.2,2.6,5,53,25.7,10.2,58.9,58.1,,,,
,,,,,,659.4,1101,308,1025.9,0.26,29.6,46.6,7.2,1.8,5,54,25.7,10.3,58.9,58.6,,,,
,,,,,,659.4,1131.3,306.6,1050,0.26,29.6,47.5,7.1,2,5,54,25.7,10.4,58.9,59.2,,,,
,,,,,,,1149.3,308,1063.8,0.26,29.6,47.9,7.1,2.3,5,55,25.7,10.6,58.9,59.9,,,,
,,,,,,,1149.3,308,1063.8,0.26,29.6,47.9,7.1,2.3,5,55,25.7,10.6,58.9,59.9,,,,
,,,,,,,1151.3,306.6,1065.9,0.26,29.6,47.9,7.1,2.3,5,55,25.7,10.6,58.9,60.3,,,,
,,,,,,,1147.9,306.6,1067.3,0.26,29.6,47.8,7.1,2.6,5,56,25.7,10.6,58.9,60.9,,,,
,,,,,,,,306.6,1068.6,0.26,29.6,47.9,7.1,3.1,5,56,25.7,10.4,58.9,61.1,,,,
,,,,,,,,305.9,1077.6,0.26,29.6,47.9,7,3.1,5,57,25.7,10.2,58.9,61.2,,,,
,,,,,,,,,1074.8,0.27,29.6,48,7,3.3,5,57,25.7,9.9,58.9,61.3,,,,
,,,,,,,,,1065.2,0.26,29.6,47.8,6.9,3.2,5,57,25.7,9.7,58.9,61.3,,,,
,,,,,,,,,1060.4,0.26,29.6,47.6,6.9,3.2,5,57,25.7,9.6,58.9,61.3,,,,
,,,,,,,,,,0.27,29.6,47.5,6.9,3.2,5,58,25.7,9.6,58.9,61.4,,,,
,,,,,,,,,,0.26,29.6,47.5,6.9,3.2,5,58,25.7,9.6,58.9,61.4,,,,
,,,,,,,,,,0.26,29.6,47.6,6.9,3.3,5,58,25.7,9.6,58.9,61.4,,,,
,,,,,,,,,,,29.6,47.9,6.9,3.5,5,57,25.7,9,58.9,61.1,,,,
,,,,,,,,,,,29.6,48.4,6.9,3.6,5,56,25.7,8.7,58.9,61.1,,,,
,,,,,,,,,,,,48.4,6.9,3.6,5,56,25.7,8.7,58.9,61.1,,,,
,,,,,,,,,,,,48.1,6.9,3.3,5,56,25.7,8.7,58.9,61.1,,,,
,,,,,,,,,,,,47.9,6.9,3,5,57,25.7,8.9,58.9,61.1,,,,
,,,,,,,,,,,,,6.9,3.2,5,58,25.7,9.4,58.9,61.3,,,,
,,,,,,,,,,,,,7.1,3.5,5,57,25.7,9.7,58.9,61.4,,,,
,,,,,,,,,,,,,7.1,3.6,5,57,25.7,9.4,58.9,61.3,,,,
,,,,,,,,,,,,,,3.5,5,56,25.7,9.1,58.9,61.2,,,,
,,,,,,,,,,,,,,3.3,5,56,25.7,8.9,58.9,61.2,,,,
,,,,,,,,,,,,,,3.1,5,57,25.7,9.1,58.9,61.3,,,,
,,,,,,,,,,,,,,,5,58,25.7,9.3,58.9,61.4,,,,
,,,,,,,,,,,,,,,5,58,25.7,9.5,58.9,61.4,,,,
,,,,,,,,,,,,,,,5,58,25.7,9.5,58.9,61.4,,,,
,,,8.9,277.7,242.5,594.6,884,309.4,837.1,0.27,26.5,38.8,7.3,4.4,5,57,25.7,9.4,58.9,61.4,,,,
,,,8.9,277.7,239.1,595.3,887.4,310,839.9,0.27,26.6,38.9,7.3,4.1,5,55,25.7,9,58.9,61.3,,,,
,,,,277.7,236.3,595.3,886.7,310,839.2,0.26,26.6,38.9,7.3,3.8,5,51,25.7,8.6,58.9,61.2,,,,
,,,,277.7,232.2,595.3,884.7,310,837.1,0.26,26.6,38.8,7.3,3.6,5,51,25.7,8.2,58.9,60.9,,,,
,,,,,229.4,596,881.2,310.7,832.3,0.26,26.6,38.7,7.3,3.3,5,43,25.7,8.2,58.9,60.9,,,,
,,,,,229.4,595.3,879.9,310.7,831.6,0.26,26.6,38.7,7.3,3.4,5,43,25.7,7.9,58.9,60.1,,,,
,,,,,,595.3,879.9,310.7,831.6,0.26,26.6,38.7,7.3,3.4,5,43,25.7,7.8,58.9,58.8,,,,
,,,,,,595.3,878.5,310.7,831.6,0.25,26.6,38.7,7.3,3.7,5,44,25.6,7.7,58.9,57.7,,,,
,,,,,,,879.9,310.7,831.6,0.26,26.6,38.7,7.3,3.9,5,44,25.6,7.6,58.9,56.6,,,,
,,,,,,,880.5,310,833.7,0.26,26.6,38.7,7.3,4.3,5,44,25.6,7.3,58.9,56.1,,,,
,,,,,,,,310,834.4,0.26,26.6,38.8,7.3,4.6,5,44,25.6,10.1,58.9,56.1,,,,
,,,,,,,,309.4,838.5,0.26,26.6,38.8,7.3,4.8,5,44,25.6,10.1,58.9,56.3,,,,
,,,,,,,,,838.5,0.26,26.5,38.8,7.4,4.8,5,44,25.6,10.3,58.9,56.9,,,,
,,,,,,,,,807.5,0.26,26.5,37.9,7.4,5.2,5,45,25.6,10.3,61.5,56.9,,,,
,,,,,,,,,,0.26,26.5,40.7,7.2,4.2,5,43,25.6,9.1,61.5,56.9,,,,
,,,,,,,,,,0.26,26.5,41.4,7,3.2,5,43,25.6,8.8,61.5,57.4,,,,
,,,,,,,,,,,26.4,41.6,7,2.7,5,43,25.6,9.3,61.5,54.5,,,,
,,,,,,,,,,,26.4,41.6,7.2,2.7,5,45,25.6,9.8,61.5,55.2,,,,
,,,,,,,,,,,,41.6,7.3,2.7,5,46,25.6,10,61.5,55.2,,,,
,,,,,,,,,,,,41.6,7.3,2.9,5,46,25.6,10,61.5,55.2,,,,
,,,,,,,,,,,,41.6,7.3,2.9,5,47,25.6,10,61.5,55.8,,,,
,,,,,,,,,,,,,7.3,3.4,5,47,25.6,10.2,61.5,56.4,,,,
,,,,,,,,,,,,,7.3,3.7,5,48,25.6,10.3,61.5,57,,,,
,,,,,,,,,,,,,,3.9,5,48,25.6,10.3,61.5,57.4,,,,
,,,,,,,,,,,,,,4.2,5,48,25.6,10.1,61.5,57.8,,,,
,,,,,,,,,,,,,,4.4,5,48,25.6,10.1,61.5,58,,,,
,,,,,,,,,,,,,,,5,50,25.6,9.9,61.5,58.1,,,,
,,,,,,,,,,,,,,,5,51,25.6,9.9,61.5,58.1,,,,
,,,,,,,,,,,,,,,,51,25.6,9.9,61.5,58.3,,,,
,,,,,,,,,,,,,,,,53,25.6,9.9,61.5,58.3,,,,
,,,,,,,,,,,,,,,,,25.6,10.1,61.5,58.9,,,,
,,,,,,,,,,,,,,,,,25.6,10.2,61.5,59.4,,,,
,,,,,,,,,,,,,,,,,25.6,10.2,61.5,59.6,,,,
,,,,,,,,,,,,,,,,,,10.2,61.5,59.6,,,,
,,,,,,,,,,,,,,,,,,10.2,61.5,59.7,,,,
,,,,,,,,,,,,,,,,,,,61.5,59.7,,,,
,,,,,,,,,,,,,,,,,,,,59.5,,,,
,,,,,,,,,,,,,,,,,,,,59.2,,,,
