SR.No.,Device No.,Date,Time,kWh,kVARH Lag,kVA,kVARH Lead,Total
1,SH000198,01.12.2019,00:00:00,358.4,44.8,720.0,0.0,1123.2
2,SH000198,01.12.2019,00:30:00,348.8,44.0,704.0,0.0,1096.8
3,SH000198,01.12.2019,01:00:00,346.4,44.0,699.2,0.0,1089.6
4,SH000198,01.12.2019,01:30:00,343.2,44.0,692.8,0.0,1080.0
5,SH000198,01.12.2019,02:00:00,339.2,43.2,684.8,0.0,1067.1999999999998
6,SH000198,01.12.2019,02:30:00,331.2,43.2,668.8,0.0,1043.1999999999998
7,SH000198,01.12.2019,03:00:00,334.4,43.2,675.2,0.0,1052.8
8,SH000198,01.12.2019,03:30:00,329.6,43.2,665.6,0.0,1038.4
9,SH000198,01.12.2019,04:00:00,330.4,43.2,667.2,0.0,1040.8
10,SH000198,01.12.2019,04:30:00,328.0,43.2,662.4,0.0,1033.6
11,SH000198,01.12.2019,05:00:00,328.0,43.2,662.4,0.0,1033.6
12,SH000198,01.12.2019,05:30:00,331.2,43.2,668.8,0.0,1043.1999999999998
13,SH000198,01.12.2019,06:00:00,334.4,43.2,675.2,0.0,1052.8
14,SH000198,01.12.2019,06:30:00,336.8,42.4,680.0,0.0,1059.2
15,SH000198,01.12.2019,07:00:00,343.2,44.8,691.2,0.0,1079.2
16,SH000198,01.12.2019,07:30:00,341.6,40.0,688.0,0.0,1069.6
17,SH000198,01.12.2019,08:00:00,352.8,44.8,712.0,0.0,1109.6
18,SH000198,01.12.2019,08:30:00,355.2,44.8,716.8,0.0,1116.8
19,SH000198,01.12.2019,09:00:00,359.2,48.0,724.8,0.0,1132.0
20,SH000198,01.12.2019,09:30:00,357.6,48.0,721.6,0.0,1127.2
21,SH000198,01.12.2019,10:00:00,355.2,45.6,716.8,0.0,1117.6
22,SH000198,01.12.2019,10:30:00,345.6,40.0,696.0,0.0,1081.6
23,SH000198,01.12.2019,11:00:00,353.6,45.6,712.0,0.0,1111.2
24,SH000198,01.12.2019,11:30:00,355.2,45.6,715.2,0.0,1116.0
25,SH000198,01.12.2019,12:00:00,347.2,40.8,700.8,0.0,1088.8
26,SH000198,01.12.2019,12:30:00,359.2,48.0,724.8,0.0,1132.0
27,SH000198,01.12.2019,13:00:00,358.4,48.0,723.2,0.0,1129.6
28,SH000198,01.12.2019,13:30:00,358.4,48.8,723.2,0.0,1130.4
29,SH000198,01.12.2019,14:00:00,360.8,49.6,728.0,0.0,1138.4
30,SH000198,01.12.2019,14:30:00,358.4,48.0,723.2,0.0,1129.6
31,SH000198,01.12.2019,15:00:00,358.4,49.6,724.8,0.0,1132.8
32,SH000198,01.12.2019,15:30:00,352.0,44.0,710.4,0.0,1106.4
33,SH000198,01.12.2019,16:00:00,356.8,49.6,720.0,0.0,1126.4
34,SH000198,01.12.2019,16:30:00,355.2,49.6,716.8,0.0,1121.6
35,SH000198,01.12.2019,17:00:00,354.4,48.8,715.2,0.0,1118.4
36,SH000198,01.12.2019,17:30:00,348.8,44.0,702.4,0.0,1095.2
37,SH000198,01.12.2019,18:00:00,352.0,44.0,708.8,0.0,1104.8
38,SH000198,01.12.2019,18:30:00,356.0,48.0,720.0,0.0,1124.0
39,SH000198,01.12.2019,19:00:00,357.6,48.0,721.6,0.0,1127.2
40,SH000198,01.12.2019,19:30:00,356.0,48.0,718.4,0.0,1122.4
41,SH000198,01.12.2019,20:00:00,355.2,44.0,715.2,0.0,1114.4
42,SH000198,01.12.2019,20:30:00,358.4,48.8,723.2,0.0,1130.4
43,SH000198,01.12.2019,21:00:00,346.4,38.4,696.0,0.0,1080.8
44,SH000198,01.12.2019,21:30:00,357.6,43.2,720.0,0.0,1120.8
45,SH000198,01.12.2019,22:00:00,345.6,34.4,696.0,0.0,1076.0
46,SH000198,01.12.2019,22:30:00,352.8,40.8,712.0,0.0,1105.6
47,SH000198,01.12.2019,23:00:00,354.4,43.2,713.6,0.0,1111.2
48,SH000198,01.12.2019,23:30:00,351.2,43.2,705.6,0.0,1100.0
49,SH000198,02.12.2019,00:00:00,346.4,43.2,697.6,0.0,1087.2
50,SH000198,02.12.2019,00:30:00,330.4,33.6,664.0,0.0,1028.0
51,SH000198,02.12.2019,01:00:00,324.0,32.8,651.2,0.0,1008.0
52,SH000198,02.12.2019,01:30:00,324.0,37.6,654.4,0.0,1016.0
53,SH000198,02.12.2019,02:00:00,320.0,37.6,644.8,0.0,1002.4
54,SH000198,02.12.2019,02:30:00,309.6,31.2,624.0,0.0,964.8
55,SH000198,02.12.2019,03:00:00,309.6,30.4,624.0,0.0,964.0
56,SH000198,02.12.2019,03:30:00,313.6,35.2,632.0,0.0,980.8
57,SH000198,02.12.2019,04:00:00,313.6,36.8,632.0,0.0,982.4000000000001
58,SH000198,02.12.2019,04:30:00,304.0,30.4,611.2,0.0,945.6
59,SH000198,02.12.2019,05:00:00,310.4,32.0,625.6,0.0,968.0
60,SH000198,02.12.2019,05:30:00,314.4,35.2,635.2,0.0,984.8
61,SH000198,02.12.2019,06:00:00,306.4,28.8,616.0,0.0,951.2
62,SH000198,02.12.2019,06:30:00,327.2,36.8,659.2,0.0,1023.2
63,SH000198,02.12.2019,07:00:00,325.6,36.0,654.4,0.0,1016.0
64,SH000198,02.12.2019,07:30:00,327.2,31.2,657.6,0.0,1016.0
65,SH000198,02.12.2019,08:00:00,339.2,38.4,683.2,0.0,1060.8
66,SH000198,02.12.2019,08:30:00,333.6,33.6,672.0,0.0,1039.2
67,SH000198,02.12.2019,09:00:00,341.6,38.4,688.0,0.0,1068.0
68,SH000198,02.12.2019,09:30:00,342.4,38.4,691.2,0.0,1072.0
69,SH000198,02.12.2019,10:00:00,348.8,39.2,702.4,0.0,1090.4
70,SH000198,02.12.2019,10:30:00,361.6,45.6,728.0,0.0,1135.2
71,SH000198,02.12.2019,11:00:00,363.2,46.4,732.8,0.0,1142.3999999999999
72,SH000198,02.12.2019,11:30:00,362.4,47.2,731.2,0.0,1140.8
73,SH000198,02.12.2019,12:00:00,364.8,48.0,736.0,0.0,1148.8
74,SH000198,02.12.2019,12:30:00,364.0,48.8,736.0,0.0,1148.8
75,SH000198,02.12.2019,13:00:00,366.4,50.4,740.8,0.0,1157.6
76,SH000198,02.12.2019,13:30:00,371.2,51.2,750.4,0.0,1172.8
77,SH000198,02.12.2019,14:00:00,372.8,51.2,752.0,0.0,1176.0
78,SH000198,02.12.2019,14:30:00,373.6,50.4,753.6,0.0,1177.6
79,SH000198,02.12.2019,15:00:00,371.2,50.4,748.8,0.0,1170.3999999999999
80,SH000198,02.12.2019,15:30:00,367.2,48.8,740.8,0.0,1156.8
81,SH000198,02.12.2019,16:00:00,370.4,50.4,747.2,0.0,1168.0
82,SH000198,02.12.2019,16:30:00,369.6,50.4,745.6,0.0,1165.6
83,SH000198,02.12.2019,17:00:00,369.6,50.4,745.6,0.0,1165.6
84,SH000198,02.12.2019,17:30:00,366.4,49.6,740.8,0.0,1156.8
85,SH000198,02.12.2019,18:00:00,366.4,48.8,740.8,0.0,1156.0
86,SH000198,02.12.2019,18:30:00,366.4,48.8,739.2,0.0,1154.4
87,SH000198,02.12.2019,19:00:00,368.0,48.8,744.0,0.0,1160.8
88,SH000198,02.12.2019,19:30:00,372.0,51.2,750.4,0.0,1173.6
89,SH000198,02.12.2019,20:00:00,369.6,48.0,744.0,0.0,1161.6
90,SH000198,02.12.2019,20:30:00,370.4,47.2,747.2,0.0,1164.8
91,SH000198,02.12.2019,21:00:00,368.8,48.0,744.0,0.0,1160.8
92,SH000198,02.12.2019,21:30:00,371.2,47.2,748.8,0.0,1167.1999999999998
93,SH000198,02.12.2019,22:00:00,370.4,47.2,747.2,0.0,1164.8
94,SH000198,02.12.2019,22:30:00,369.6,46.4,742.4,0.0,1158.4
95,SH000198,02.12.2019,23:00:00,364.8,46.4,736.0,0.0,1147.2
96,SH000198,02.12.2019,23:30:00,360.0,45.6,726.4,0.0,1132.0
97,SH000198,03.12.2019,00:00:00,350.4,41.6,707.2,0.0,1099.2
98,SH000198,03.12.2019,00:30:00,351.2,45.6,708.8,0.0,1105.6
99,SH000198,03.12.2019,01:00:00,347.2,44.8,700.8,0.0,1092.8
100,SH000198,03.12.2019,01:30:00,338.4,44.8,683.2,0.0,1066.4
101,SH000198,03.12.2019,02:00:00,336.8,44.8,680.0,0.0,1061.6
102,SH000198,03.12.2019,02:30:00,332.8,44.8,672.0,0.0,1049.6
103,SH000198,03.12.2019,03:00:00,329.6,44.8,665.6,0.0,1040.0
104,SH000198,03.12.2019,03:30:00,329.6,44.8,665.6,0.0,1040.0
105,SH000198,03.12.2019,04:00:00,328.0,44.8,662.4,0.0,1035.2
106,SH000198,03.12.2019,04:30:00,321.6,39.2,648.0,0.0,1008.8
107,SH000198,03.12.2019,05:00:00,321.6,39.2,648.0,0.0,1008.8
108,SH000198,03.12.2019,05:30:00,326.4,39.2,659.2,0.0,1024.8
109,SH000198,03.12.2019,06:00:00,328.8,39.2,662.4,0.0,1030.4
110,SH000198,03.12.2019,06:30:00,339.2,43.2,684.8,0.0,1067.1999999999998
111,SH000198,03.12.2019,07:00:00,345.6,43.2,697.6,0.0,1086.4
112,SH000198,03.12.2019,07:30:00,349.6,44.0,705.6,0.0,1099.2
113,SH000198,03.12.2019,08:00:00,352.0,44.8,710.4,0.0,1107.2
114,SH000198,03.12.2019,08:30:00,356.8,45.6,720.0,0.0,1122.4
115,SH000198,03.12.2019,09:00:00,358.4,46.4,723.2,0.0,1128.0
116,SH000198,03.12.2019,09:30:00,361.6,46.4,729.6,0.0,1137.6
117,SH000198,03.12.2019,10:00:00,357.6,48.0,721.6,0.0,1127.2
118,SH000198,03.12.2019,10:30:00,351.2,45.6,708.8,0.0,1105.6
119,SH000198,03.12.2019,11:00:00,355.2,46.4,715.2,0.0,1116.8
120,SH000198,03.12.2019,11:30:00,356.0,47.2,718.4,0.0,1121.6
121,SH000198,03.12.2019,12:00:00,357.6,48.0,721.6,0.0,1127.2
122,SH000198,03.12.2019,12:30:00,360.0,49.6,726.4,0.0,1136.0
123,SH000198,03.12.2019,13:00:00,357.6,49.6,723.2,0.0,1130.4
124,SH000198,03.12.2019,13:30:00,360.0,48.8,728.0,0.0,1136.8
125,SH000198,03.12.2019,14:00:00,360.0,48.0,726.4,0.0,1134.4
126,SH000198,03.12.2019,14:30:00,360.0,47.2,726.4,0.0,1133.6
127,SH000198,03.12.2019,15:00:00,357.6,46.4,721.6,0.0,1125.6
128,SH000198,03.12.2019,15:30:00,344.8,36.0,692.8,0.0,1073.6
129,SH000198,03.12.2019,16:00:00,362.4,48.0,731.2,0.0,1141.6
130,SH000198,03.12.2019,16:30:00,360.0,48.0,726.4,0.0,1134.4
131,SH000198,03.12.2019,17:00:00,360.8,48.0,728.0,0.0,1136.8
132,SH000198,03.12.2019,17:30:00,359.2,48.0,724.8,0.0,1132.0
133,SH000198,03.12.2019,18:00:00,360.0,47.2,726.4,0.0,1133.6
134,SH000198,03.12.2019,18:30:00,360.8,47.2,726.4,0.0,1134.4
135,SH000198,03.12.2019,19:00:00,360.8,48.0,728.0,0.0,1136.8
136,SH000198,03.12.2019,19:30:00,362.4,48.0,731.2,0.0,1141.6
137,SH000198,03.12.2019,20:00:00,362.4,48.0,731.2,0.0,1141.6
138,SH000198,03.12.2019,20:30:00,364.0,48.8,734.4,0.0,1147.2
139,SH000198,03.12.2019,21:00:00,364.8,48.0,736.0,0.0,1148.8
140,SH000198,03.12.2019,21:30:00,364.0,48.0,734.4,0.0,1146.4
141,SH000198,03.12.2019,22:00:00,364.0,48.8,734.4,0.0,1147.2
142,SH000198,03.12.2019,22:30:00,361.6,47.2,729.6,0.0,1138.4
143,SH000198,03.12.2019,23:00:00,358.4,48.0,723.2,0.0,1129.6
144,SH000198,03.12.2019,23:30:00,344.0,40.8,692.8,0.0,1077.6
145,SH000198,04.12.2019,00:00:00,349.6,46.4,704.0,0.0,1100.0
146,SH000198,04.12.2019,00:30:00,342.4,44.0,691.2,0.0,1077.6
147,SH000198,04.12.2019,01:00:00,337.6,44.0,681.6,0.0,1063.2
148,SH000198,04.12.2019,01:30:00,333.6,44.8,672.0,0.0,1050.4
149,SH000198,04.12.2019,02:00:00,328.0,43.2,662.4,0.0,1033.6
150,SH000198,04.12.2019,02:30:00,309.6,22.4,619.2,0.0,951.2
151,SH000198,04.12.2019,03:00:00,304.0,19.2,609.6,0.0,932.8
152,SH000198,04.12.2019,03:30:00,303.2,19.2,608.0,0.0,930.4
153,SH000198,04.12.2019,04:00:00,302.4,19.2,608.0,0.0,929.5999999999999
154,SH000198,04.12.2019,04:30:00,303.2,19.2,606.4,0.0,928.8
155,SH000198,04.12.2019,05:00:00,303.2,18.4,606.4,0.0,928.0
156,SH000198,04.12.2019,05:30:00,305.6,19.2,611.2,0.0,936.0
157,SH000198,04.12.2019,06:00:00,308.8,19.2,619.2,0.0,947.2
158,SH000198,04.12.2019,06:30:00,312.8,19.2,628.8,0.0,960.8
159,SH000198,04.12.2019,07:00:00,318.4,20.0,638.4,0.0,976.8
160,SH000198,04.12.2019,07:30:00,321.6,20.8,646.4,0.0,988.8
161,SH000198,04.12.2019,08:00:00,327.2,21.6,656.0,0.0,1004.8
162,SH000198,04.12.2019,08:30:00,330.4,22.4,662.4,0.0,1015.1999999999999
163,SH000198,04.12.2019,09:00:00,332.0,22.4,665.6,0.0,1020.0
164,SH000198,04.12.2019,09:30:00,333.6,22.4,670.4,0.0,1026.4
165,SH000198,04.12.2019,10:00:00,340.0,26.4,681.6,0.0,1048.0
166,SH000198,04.12.2019,10:30:00,360.0,44.8,724.8,0.0,1129.6
167,SH000198,04.12.2019,11:00:00,366.4,50.4,739.2,0.0,1156.0
168,SH000198,04.12.2019,11:30:00,364.8,51.2,736.0,0.0,1152.0
169,SH000198,04.12.2019,12:00:00,364.8,51.2,737.6,0.0,1153.6
170,SH000198,04.12.2019,12:30:00,365.6,52.0,737.6,0.0,1155.2
171,SH000198,04.12.2019,13:00:00,371.2,54.4,750.4,0.0,1176.0
172,SH000198,04.12.2019,13:30:00,369.6,51.2,745.6,0.0,1166.4
173,SH000198,04.12.2019,14:00:00,371.2,50.4,748.8,0.0,1170.3999999999999
174,SH000198,04.12.2019,14:30:00,370.4,50.4,747.2,0.0,1168.0
175,SH000198,04.12.2019,15:00:00,363.2,48.0,732.8,0.0,1144.0
176,SH000198,04.12.2019,15:30:00,360.8,48.0,728.0,0.0,1136.8
177,SH000198,04.12.2019,16:00:00,358.4,48.0,723.2,0.0,1129.6
178,SH000198,04.12.2019,16:30:00,355.2,46.4,716.8,0.0,1118.3999999999999
179,SH000198,04.12.2019,17:00:00,345.6,36.8,694.4,0.0,1076.8
180,SH000198,04.12.2019,17:30:00,357.6,47.2,721.6,0.0,1126.4
181,SH000198,04.12.2019,18:00:00,345.6,36.0,694.4,0.0,1076.0
182,SH000198,04.12.2019,18:30:00,352.0,42.4,708.8,0.0,1103.1999999999998
183,SH000198,04.12.2019,19:00:00,355.2,41.6,715.2,0.0,1112.0
184,SH000198,04.12.2019,19:30:00,363.2,48.8,732.8,0.0,1144.8
185,SH000198,04.12.2019,20:00:00,364.8,49.6,736.0,0.0,1150.4
186,SH000198,04.12.2019,20:30:00,364.8,49.6,737.6,0.0,1152.0
187,SH000198,04.12.2019,21:00:00,363.2,48.8,732.8,0.0,1144.8
188,SH000198,04.12.2019,21:30:00,352.0,37.6,707.2,0.0,1096.8000000000002
189,SH000198,04.12.2019,22:00:00,365.6,49.6,737.6,0.0,1152.8000000000002
190,SH000198,04.12.2019,22:30:00,361.6,48.8,731.2,0.0,1141.6000000000001
191,SH000198,04.12.2019,23:00:00,356.8,47.2,720.0,0.0,1124.0
192,SH000198,04.12.2019,23:30:00,340.8,36.0,684.8,0.0,1061.6
193,SH000198,05.12.2019,00:00:00,341.6,39.2,686.4,0.0,1067.2
194,SH000198,05.12.2019,00:30:00,336.8,39.2,680.0,0.0,1056.0
195,SH000198,05.12.2019,01:00:00,336.0,44.0,678.4,0.0,1058.4
196,SH000198,05.12.2019,01:30:00,322.4,37.6,649.6,0.0,1009.6
197,SH000198,05.12.2019,02:00:00,312.8,32.0,630.4,0.0,975.2
198,SH000198,05.12.2019,02:30:00,322.4,39.2,649.6,0.0,1011.2
199,SH000198,05.12.2019,03:00:00,312.0,34.4,627.2,0.0,973.6
200,SH000198,05.12.2019,03:30:00,316.8,36.0,640.0,0.0,992.8
201,SH000198,05.12.2019,04:00:00,305.6,30.4,616.0,0.0,952.0
202,SH000198,05.12.2019,04:30:00,312.8,34.4,630.4,0.0,977.5999999999999
203,SH000198,05.12.2019,05:00:00,316.0,35.2,635.2,0.0,986.4000000000001
204,SH000198,05.12.2019,05:30:00,320.8,38.4,644.8,0.0,1004.0
205,SH000198,05.12.2019,06:00:00,311.2,29.6,625.6,0.0,966.4000000000001
206,SH000198,05.12.2019,06:30:00,327.2,36.8,657.6,0.0,1021.6
207,SH000198,05.12.2019,07:00:00,336.0,41.6,676.8,0.0,1054.4
208,SH000198,05.12.2019,07:30:00,331.2,33.6,667.2,0.0,1032.0
209,SH000198,05.12.2019,08:00:00,334.4,36.0,673.6,0.0,1044.0
210,SH000198,05.12.2019,08:30:00,332.8,32.0,668.8,0.0,1033.6
211,SH000198,05.12.2019,09:00:00,344.0,39.2,692.8,0.0,1076.0
212,SH000198,05.12.2019,09:30:00,336.0,32.8,675.2,0.0,1044.0
213,SH000198,05.12.2019,10:00:00,340.0,37.6,684.8,0.0,1062.4
214,SH000198,05.12.2019,10:30:00,326.4,29.6,656.0,0.0,1012.0
215,SH000198,05.12.2019,11:00:00,344.8,40.0,694.4,0.0,1079.2
216,SH000198,05.12.2019,11:30:00,336.0,35.2,675.2,0.0,1046.4
217,SH000198,05.12.2019,12:00:00,336.0,35.2,675.2,0.0,1046.4
218,SH000198,05.12.2019,12:30:00,343.2,40.0,691.2,0.0,1074.4
219,SH000198,05.12.2019,13:00:00,340.0,40.0,686.4,0.0,1066.4
220,SH000198,05.12.2019,13:30:00,337.6,35.2,680.0,0.0,1052.8
221,SH000198,05.12.2019,14:00:00,346.4,41.6,697.6,0.0,1085.6
222,SH000198,05.12.2019,14:30:00,348.8,44.0,702.4,0.0,1095.2
223,SH000198,05.12.2019,15:00:00,343.2,37.6,691.2,0.0,1072.0
224,SH000198,05.12.2019,15:30:00,349.6,44.0,705.6,0.0,1099.2
225,SH000198,05.12.2019,16:00:00,339.2,35.2,683.2,0.0,1057.6
226,SH000198,05.12.2019,16:30:00,343.2,40.0,689.6,0.0,1072.8
227,SH000198,05.12.2019,17:00:00,343.2,41.6,691.2,0.0,1076.0
228,SH000198,05.12.2019,17:30:00,340.0,36.8,683.2,0.0,1060.0
229,SH000198,05.12.2019,18:00:00,337.6,36.0,680.0,0.0,1053.6
230,SH000198,05.12.2019,18:30:00,347.2,40.8,699.2,0.0,1087.2
231,SH000198,05.12.2019,19:00:00,345.6,40.8,696.0,0.0,1082.4
232,SH000198,05.12.2019,19:30:00,341.6,36.8,688.0,0.0,1066.4
233,SH000198,05.12.2019,20:00:00,344.0,39.2,692.8,0.0,1076.0
234,SH000198,05.12.2019,20:30:00,351.2,42.4,707.2,0.0,1100.8
235,SH000198,05.12.2019,21:00:00,344.8,40.8,694.4,0.0,1080.0
236,SH000198,05.12.2019,21:30:00,340.0,36.0,684.8,0.0,1060.8
237,SH000198,05.12.2019,22:00:00,349.6,43.2,707.2,0.0,1100.0
238,SH000198,05.12.2019,22:30:00,346.4,42.4,699.2,0.0,1088.0
239,SH000198,05.12.2019,23:00:00,340.0,36.8,683.2,0.0,1060.0
240,SH000198,05.12.2019,23:30:00,332.8,34.4,672.0,0.0,1039.2
241,SH000198,06.12.2019,00:00:00,329.6,34.4,664.0,0.0,1028.0
242,SH000198,06.12.2019,00:30:00,322.4,33.6,648.0,0.0,1004.0
243,SH000198,06.12.2019,01:00:00,319.2,32.0,644.8,0.0,996.0
244,SH000198,06.12.2019,01:30:00,318.4,36.0,640.0,0.0,994.4
245,SH000198,06.12.2019,02:00:00,314.4,36.0,633.6,0.0,984.0
246,SH000198,06.12.2019,02:30:00,301.6,28.0,608.0,0.0,937.6
247,SH000198,06.12.2019,03:00:00,308.8,35.2,620.8,0.0,964.8
248,SH000198,06.12.2019,03:30:00,296.0,16.8,593.6,0.0,906.4000000000001
249,SH000198,06.12.2019,04:00:00,297.6,17.6,596.8,0.0,912.0
250,SH000198,06.12.2019,04:30:00,293.6,16.0,587.2,0.0,896.8000000000001
251,SH000198,06.12.2019,05:00:00,296.8,16.8,593.6,0.0,907.2
252,SH000198,06.12.2019,05:30:00,296.8,16.0,593.6,0.0,906.4000000000001
253,SH000198,06.12.2019,06:00:00,299.2,16.0,598.4,0.0,913.5999999999999
254,SH000198,06.12.2019,06:30:00,308.8,18.4,617.6,0.0,944.8
255,SH000198,06.12.2019,07:00:00,309.6,17.6,619.2,0.0,946.4000000000001
256,SH000198,06.12.2019,07:30:00,315.2,19.2,632.0,0.0,966.4
257,SH000198,06.12.2019,08:00:00,318.4,19.2,638.4,0.0,976.0
258,SH000198,06.12.2019,08:30:00,320.8,19.2,641.6,0.0,981.6
259,SH000198,06.12.2019,09:00:00,323.2,20.0,648.0,0.0,991.2
260,SH000198,06.12.2019,09:30:00,324.8,20.0,652.8,0.0,997.5999999999999
261,SH000198,06.12.2019,10:00:00,326.4,20.8,656.0,0.0,1003.2
262,SH000198,06.12.2019,10:30:00,336.0,22.4,673.6,0.0,1032.0
263,SH000198,06.12.2019,11:00:00,338.4,22.4,678.4,0.0,1039.1999999999998
264,SH000198,06.12.2019,11:30:00,339.2,24.0,680.0,0.0,1043.2
265,SH000198,06.12.2019,12:00:00,340.8,24.0,683.2,0.0,1048.0
266,SH000198,06.12.2019,12:30:00,341.6,24.0,684.8,0.0,1050.4
267,SH000198,06.12.2019,13:00:00,341.6,24.8,686.4,0.0,1052.8
268,SH000198,06.12.2019,13:30:00,342.4,24.0,686.4,0.0,1052.8
269,SH000198,06.12.2019,14:00:00,344.0,24.0,688.0,0.0,1056.0
270,SH000198,06.12.2019,14:30:00,355.2,41.6,716.8,0.0,1113.6
271,SH000198,06.12.2019,15:00:00,352.0,42.4,710.4,0.0,1104.8
272,SH000198,06.12.2019,15:30:00,352.8,43.2,710.4,0.0,1106.4
273,SH000198,06.12.2019,16:00:00,353.6,44.0,712.0,0.0,1109.6
274,SH000198,06.12.2019,16:30:00,356.0,48.8,718.4,0.0,1123.2
275,SH000198,06.12.2019,17:00:00,356.0,48.8,720.0,0.0,1124.8
276,SH000198,06.12.2019,17:30:00,356.0,48.8,718.4,0.0,1123.2
277,SH000198,06.12.2019,18:00:00,356.8,48.0,720.0,0.0,1124.8
278,SH000198,06.12.2019,18:30:00,346.4,37.6,696.0,0.0,1080.0
279,SH000198,06.12.2019,19:00:00,348.0,40.0,702.4,0.0,1090.4
280,SH000198,06.12.2019,19:30:00,355.2,44.0,716.8,0.0,1116.0
281,SH000198,06.12.2019,20:00:00,352.0,44.0,710.4,0.0,1106.4
282,SH000198,06.12.2019,20:30:00,349.6,40.8,704.0,0.0,1094.4
283,SH000198,06.12.2019,21:00:00,352.0,39.2,710.4,0.0,1101.6
284,SH000198,06.12.2019,21:30:00,355.2,41.6,715.2,0.0,1112.0
285,SH000198,06.12.2019,22:00:00,350.4,40.8,707.2,0.0,1098.4
286,SH000198,06.12.2019,22:30:00,350.4,40.8,705.6,0.0,1096.8
287,SH000198,06.12.2019,23:00:00,342.4,35.2,688.0,0.0,1065.6
288,SH000198,06.12.2019,23:30:00,346.4,39.2,697.6,0.0,1083.2
289,SH000198,07.12.2019,00:00:00,338.4,37.6,681.6,0.0,1057.6
290,SH000198,07.12.2019,00:30:00,333.6,37.6,672.0,0.0,1043.2
291,SH000198,07.12.2019,01:00:00,324.8,34.4,654.4,0.0,1013.5999999999999
292,SH000198,07.12.2019,01:30:00,320.0,32.8,643.2,0.0,996.0
293,SH000198,07.12.2019,02:00:00,318.4,34.4,640.0,0.0,992.8
294,SH000198,07.12.2019,02:30:00,306.4,29.6,616.0,0.0,952.0
295,SH000198,07.12.2019,03:00:00,316.8,34.4,636.8,0.0,988.0
296,SH000198,07.12.2019,03:30:00,301.6,26.4,606.4,0.0,934.4
297,SH000198,07.12.2019,04:00:00,316.8,36.0,638.4,0.0,991.2
298,SH000198,07.12.2019,04:30:00,304.8,29.6,612.8,0.0,947.2
299,SH000198,07.12.2019,05:00:00,304.8,29.6,612.8,0.0,947.2
300,SH000198,07.12.2019,05:30:00,317.6,36.0,641.6,0.0,995.2
301,SH000198,07.12.2019,06:00:00,304.8,26.4,614.4,0.0,945.5999999999999
302,SH000198,07.12.2019,06:30:00,324.0,36.0,652.8,0.0,1012.8
303,SH000198,07.12.2019,07:00:00,326.4,35.2,657.6,0.0,1019.2
304,SH000198,07.12.2019,07:30:00,329.6,33.6,662.4,0.0,1025.6
305,SH000198,07.12.2019,08:00:00,336.0,37.6,676.8,0.0,1050.4
306,SH000198,07.12.2019,08:30:00,330.4,31.2,665.6,0.0,1027.2
307,SH000198,07.12.2019,09:00:00,337.6,38.4,678.4,0.0,1054.4
308,SH000198,07.12.2019,09:30:00,348.8,44.0,704.0,0.0,1096.8
309,SH000198,07.12.2019,10:00:00,339.2,36.8,683.2,0.0,1059.2
310,SH000198,07.12.2019,10:30:00,334.4,36.0,673.6,0.0,1044.0
311,SH000198,07.12.2019,11:00:00,334.4,33.6,672.0,0.0,1040.0
312,SH000198,07.12.2019,11:30:00,343.2,41.6,692.8,0.0,1077.6
313,SH000198,07.12.2019,12:00:00,336.8,36.8,680.0,0.0,1053.6
314,SH000198,07.12.2019,12:30:00,349.6,47.2,705.6,0.0,1102.4
315,SH000198,07.12.2019,13:00:00,344.8,43.2,696.0,0.0,1084.0
316,SH000198,07.12.2019,13:30:00,342.4,41.6,689.6,0.0,1073.6
317,SH000198,07.12.2019,14:00:00,349.6,45.6,705.6,0.0,1100.8000000000002
318,SH000198,07.12.2019,14:30:00,350.4,48.0,708.8,0.0,1107.1999999999998
319,SH000198,07.12.2019,15:00:00,342.4,39.2,689.6,0.0,1071.2
320,SH000198,07.12.2019,15:30:00,348.8,44.8,704.0,0.0,1097.6
321,SH000198,07.12.2019,16:00:00,340.8,40.8,686.4,0.0,1068.0
322,SH000198,07.12.2019,16:30:00,344.0,43.2,692.8,0.0,1080.0
323,SH000198,07.12.2019,17:00:00,343.2,43.2,691.2,0.0,1077.6
324,SH000198,07.12.2019,17:30:00,340.0,42.4,683.2,0.0,1065.6
325,SH000198,07.12.2019,18:00:00,338.4,39.2,683.2,0.0,1060.8
326,SH000198,07.12.2019,18:30:00,336.8,38.4,678.4,0.0,1053.6
327,SH000198,07.12.2019,19:00:00,343.2,41.6,691.2,0.0,1076.0
328,SH000198,07.12.2019,19:30:00,343.2,41.6,691.2,0.0,1076.0
329,SH000198,07.12.2019,20:00:00,343.2,37.6,691.2,0.0,1072.0
330,SH000198,07.12.2019,20:30:00,345.6,41.6,696.0,0.0,1083.2
331,SH000198,07.12.2019,21:00:00,336.0,33.6,675.2,0.0,1044.8000000000002
332,SH000198,07.12.2019,21:30:00,348.0,40.8,700.8,0.0,1089.6
333,SH000198,07.12.2019,22:00:00,343.2,40.0,689.6,0.0,1072.8
334,SH000198,07.12.2019,22:30:00,343.2,40.0,691.2,0.0,1074.4
335,SH000198,07.12.2019,23:00:00,337.6,36.8,681.6,0.0,1056.0
336,SH000198,07.12.2019,23:30:00,333.6,35.2,670.4,0.0,1039.2
337,SH000198,08.12.2019,00:00:00,330.4,36.0,664.0,0.0,1030.4
338,SH000198,08.12.2019,00:30:00,325.6,36.0,656.0,0.0,1017.6
339,SH000198,08.12.2019,01:00:00,322.4,35.2,649.6,0.0,1007.2
340,SH000198,08.12.2019,01:30:00,309.6,28.8,622.4,0.0,960.8
341,SH000198,08.12.2019,02:00:00,317.6,36.8,640.0,0.0,994.4000000000001
342,SH000198,08.12.2019,02:30:00,301.6,30.4,608.0,0.0,940.0
343,SH000198,08.12.2019,03:00:00,310.4,33.6,625.6,0.0,969.6
344,SH000198,08.12.2019,03:30:00,298.4,27.2,600.0,0.0,925.5999999999999
345,SH000198,08.12.2019,04:00:00,296.8,26.4,596.8,0.0,920.0
346,SH000198,08.12.2019,04:30:00,309.6,36.8,624.0,0.0,970.4000000000001
347,SH000198,08.12.2019,05:00:00,296.0,26.4,593.6,0.0,916.0
348,SH000198,08.12.2019,05:30:00,306.4,33.6,617.6,0.0,957.6
349,SH000198,08.12.2019,06:00:00,305.6,28.8,616.0,0.0,950.4000000000001
350,SH000198,08.12.2019,06:30:00,314.4,34.4,633.6,0.0,982.4
351,SH000198,08.12.2019,07:00:00,320.0,32.0,643.2,0.0,995.2
352,SH000198,08.12.2019,07:30:00,320.0,34.4,644.8,0.0,999.1999999999999
353,SH000198,08.12.2019,08:00:00,324.0,36.0,651.2,0.0,1011.2
354,SH000198,08.12.2019,08:30:00,328.8,35.2,660.8,0.0,1024.8
355,SH000198,08.12.2019,09:00:00,322.4,30.4,648.0,0.0,1000.8
356,SH000198,08.12.2019,09:30:00,333.6,33.6,672.0,0.0,1039.2
357,SH000198,08.12.2019,10:00:00,330.4,32.0,665.6,0.0,1028.0
358,SH000198,08.12.2019,10:30:00,349.6,40.8,704.0,0.0,1094.4
359,SH000198,08.12.2019,11:00:00,346.4,38.4,697.6,0.0,1082.4
360,SH000198,08.12.2019,11:30:00,344.8,36.0,694.4,0.0,1075.2
361,SH000198,08.12.2019,12:00:00,354.4,44.8,713.6,0.0,1112.8
362,SH000198,08.12.2019,12:30:00,356.0,45.6,718.4,0.0,1120.0
363,SH000198,08.12.2019,13:00:00,345.6,34.4,694.4,0.0,1074.4
364,SH000198,08.12.2019,13:30:00,344.0,24.0,688.0,0.0,1056.0
365,SH000198,08.12.2019,14:00:00,344.0,24.0,688.0,0.0,1056.0
366,SH000198,08.12.2019,14:30:00,344.8,24.8,691.2,0.0,1060.8000000000002
367,SH000198,08.12.2019,15:00:00,348.0,28.8,697.6,0.0,1074.4
368,SH000198,08.12.2019,15:30:00,355.2,42.4,715.2,0.0,1112.8
369,SH000198,08.12.2019,16:00:00,360.8,48.0,728.0,0.0,1136.8
370,SH000198,08.12.2019,16:30:00,357.6,47.2,721.6,0.0,1126.4
371,SH000198,08.12.2019,17:00:00,345.6,39.2,696.0,0.0,1080.8
372,SH000198,08.12.2019,17:30:00,355.2,46.4,716.8,0.0,1118.3999999999999
373,SH000198,08.12.2019,18:00:00,352.8,44.8,712.0,0.0,1109.6
374,SH000198,08.12.2019,18:30:00,354.4,44.0,713.6,0.0,1112.0
375,SH000198,08.12.2019,19:00:00,354.4,44.0,715.2,0.0,1113.6
376,SH000198,08.12.2019,19:30:00,348.0,39.2,700.8,0.0,1088.0
377,SH000198,08.12.2019,20:00:00,350.4,40.8,705.6,0.0,1096.8
378,SH000198,08.12.2019,20:30:00,350.4,39.2,705.6,0.0,1095.2
379,SH000198,08.12.2019,21:00:00,344.0,32.8,692.8,0.0,1069.6
380,SH000198,08.12.2019,21:30:00,349.6,38.4,705.6,0.0,1093.6
381,SH000198,08.12.2019,22:00:00,352.0,39.2,708.8,0.0,1100.0
382,SH000198,08.12.2019,22:30:00,338.4,28.8,680.0,0.0,1047.2
383,SH000198,08.12.2019,23:00:00,340.0,33.6,683.2,0.0,1056.8000000000002
384,SH000198,08.12.2019,23:30:00,336.8,36.8,680.0,0.0,1053.6
385,SH000198,09.12.2019,00:00:00,328.8,29.6,662.4,0.0,1020.8
386,SH000198,09.12.2019,00:30:00,331.2,36.8,667.2,0.0,1035.2
387,SH000198,09.12.2019,01:00:00,324.0,36.8,652.8,0.0,1013.5999999999999
388,SH000198,09.12.2019,01:30:00,317.6,26.4,638.4,0.0,982.4
389,SH000198,09.12.2019,02:00:00,307.2,19.2,617.6,0.0,944.0
390,SH000198,09.12.2019,02:30:00,306.4,19.2,614.4,0.0,940.0
391,SH000198,09.12.2019,03:00:00,302.4,18.4,606.4,0.0,927.1999999999999
392,SH000198,09.12.2019,03:30:00,300.0,17.6,601.6,0.0,919.2
393,SH000198,09.12.2019,04:00:00,298.4,17.6,596.8,0.0,912.8
394,SH000198,09.12.2019,04:30:00,300.0,18.4,601.6,0.0,920.0
395,SH000198,09.12.2019,05:00:00,300.8,17.6,603.2,0.0,921.6000000000001
396,SH000198,09.12.2019,05:30:00,301.6,17.6,606.4,0.0,925.6
397,SH000198,09.12.2019,06:00:00,306.4,17.6,612.8,0.0,936.8
398,SH000198,09.12.2019,06:30:00,310.4,18.4,622.4,0.0,951.1999999999999
399,SH000198,09.12.2019,07:00:00,313.6,19.2,628.8,0.0,961.5999999999999
400,SH000198,09.12.2019,07:30:00,317.6,19.2,638.4,0.0,975.2
401,SH000198,09.12.2019,08:00:00,324.8,20.8,649.6,0.0,995.2
402,SH000198,09.12.2019,08:30:00,326.4,20.8,652.8,0.0,1000.0
403,SH000198,09.12.2019,09:00:00,329.6,20.8,662.4,0.0,1012.8
404,SH000198,09.12.2019,09:30:00,331.2,21.6,664.0,0.0,1016.8
405,SH000198,09.12.2019,10:00:00,331.2,21.6,664.0,0.0,1016.8
406,SH000198,09.12.2019,10:30:00,328.0,21.6,656.0,0.0,1005.6
407,SH000198,09.12.2019,11:00:00,328.8,21.6,659.2,0.0,1009.6000000000001
408,SH000198,09.12.2019,11:30:00,335.2,22.4,672.0,0.0,1029.6
409,SH000198,09.12.2019,12:00:00,334.4,22.4,670.4,0.0,1027.1999999999998
410,SH000198,09.12.2019,12:30:00,336.0,23.2,673.6,0.0,1032.8
411,SH000198,09.12.2019,13:00:00,333.6,22.4,668.8,0.0,1024.8
412,SH000198,09.12.2019,13:30:00,335.2,22.4,672.0,0.0,1029.6
413,SH000198,09.12.2019,14:00:00,336.0,23.2,673.6,0.0,1032.8
414,SH000198,09.12.2019,14:30:00,338.4,24.0,678.4,0.0,1040.8
415,SH000198,09.12.2019,15:00:00,340.8,24.0,684.8,0.0,1049.6
416,SH000198,09.12.2019,15:30:00,341.6,24.8,683.2,0.0,1049.6000000000001
417,SH000198,09.12.2019,16:00:00,340.8,24.0,684.8,0.0,1049.6
418,SH000198,09.12.2019,16:30:00,340.0,24.0,681.6,0.0,1045.6
419,SH000198,09.12.2019,17:00:00,336.8,23.2,676.8,0.0,1036.8
420,SH000198,09.12.2019,17:30:00,336.0,23.2,673.6,0.0,1032.8
421,SH000198,09.12.2019,18:00:00,335.2,22.4,673.6,0.0,1031.2
422,SH000198,09.12.2019,18:30:00,337.6,22.4,678.4,0.0,1038.4
423,SH000198,09.12.2019,19:00:00,336.0,22.4,673.6,0.0,1032.0
424,SH000198,09.12.2019,19:30:00,337.6,22.4,676.8,0.0,1036.8
425,SH000198,09.12.2019,20:00:00,337.6,22.4,678.4,0.0,1038.4
426,SH000198,09.12.2019,20:30:00,339.2,22.4,680.0,0.0,1041.6
427,SH000198,09.12.2019,21:00:00,337.6,22.4,678.4,0.0,1038.4
428,SH000198,09.12.2019,21:30:00,336.8,22.4,676.8,0.0,1036.0
429,SH000198,09.12.2019,22:00:00,337.6,21.6,676.8,0.0,1036.0
430,SH000198,09.12.2019,22:30:00,336.0,22.4,675.2,0.0,1033.6
431,SH000198,09.12.2019,23:00:00,331.2,20.8,664.0,0.0,1016.0
432,SH000198,09.12.2019,23:30:00,326.4,20.8,652.8,0.0,1000.0
433,SH000198,10.12.2019,00:00:00,321.6,20.0,644.8,0.0,986.4
434,SH000198,10.12.2019,00:30:00,316.0,19.2,633.6,0.0,968.8
435,SH000198,10.12.2019,01:00:00,308.8,18.4,617.6,0.0,944.8
436,SH000198,10.12.2019,01:30:00,304.0,16.8,608.0,0.0,928.8
437,SH000198,10.12.2019,02:00:00,301.6,16.0,603.2,0.0,920.8000000000001
438,SH000198,10.12.2019,02:30:00,296.0,16.0,595.2,0.0,907.2
439,SH000198,10.12.2019,03:00:00,303.2,30.4,609.6,0.0,943.2
440,SH000198,10.12.2019,03:30:00,297.6,28.0,598.4,0.0,924.0
441,SH000198,10.12.2019,04:00:00,298.4,25.6,600.0,0.0,924.0
442,SH000198,10.12.2019,04:30:00,302.4,32.0,609.6,0.0,944.0
443,SH000198,10.12.2019,05:00:00,292.0,22.4,585.6,0.0,900.0
444,SH000198,10.12.2019,05:30:00,312.8,33.6,628.8,0.0,975.2
445,SH000198,10.12.2019,06:00:00,300.0,22.4,601.6,0.0,924.0
446,SH000198,10.12.2019,06:30:00,310.4,30.4,624.0,0.0,964.8
447,SH000198,10.12.2019,07:00:00,315.2,30.4,633.6,0.0,979.2
448,SH000198,10.12.2019,07:30:00,313.6,27.2,632.0,0.0,972.8
449,SH000198,10.12.2019,08:00:00,332.0,36.0,668.8,0.0,1036.8
450,SH000198,10.12.2019,08:30:00,333.6,35.2,672.0,0.0,1040.8
451,SH000198,10.12.2019,09:00:00,344.8,41.6,696.0,0.0,1082.4
452,SH000198,10.12.2019,09:30:00,344.0,40.0,692.8,0.0,1076.8
453,SH000198,10.12.2019,10:00:00,349.6,44.8,705.6,0.0,1100.0
454,SH000198,10.12.2019,10:30:00,357.6,45.6,720.0,0.0,1123.2
455,SH000198,10.12.2019,11:00:00,361.6,47.2,729.6,0.0,1138.4
456,SH000198,10.12.2019,11:30:00,363.2,48.8,732.8,0.0,1144.8
457,SH000198,10.12.2019,12:00:00,361.6,49.6,729.6,0.0,1140.8000000000002
458,SH000198,10.12.2019,12:30:00,365.6,51.2,739.2,0.0,1156.0
459,SH000198,10.12.2019,13:00:00,366.4,51.2,740.8,0.0,1158.3999999999999
460,SH000198,10.12.2019,13:30:00,368.8,52.0,745.6,0.0,1166.4
461,SH000198,10.12.2019,14:00:00,368.8,51.2,744.0,0.0,1164.0
462,SH000198,10.12.2019,14:30:00,363.2,49.6,732.8,0.0,1145.6
463,SH000198,10.12.2019,15:00:00,364.0,49.6,734.4,0.0,1148.0
464,SH000198,10.12.2019,15:30:00,364.0,49.6,734.4,0.0,1148.0
465,SH000198,10.12.2019,16:00:00,360.8,48.0,728.0,0.0,1136.8
466,SH000198,10.12.2019,16:30:00,360.0,48.8,726.4,0.0,1135.2
467,SH000198,10.12.2019,17:00:00,357.6,48.0,721.6,0.0,1127.2
468,SH000198,10.12.2019,17:30:00,356.8,47.2,720.0,0.0,1124.0
469,SH000198,10.12.2019,18:00:00,357.6,48.0,721.6,0.0,1127.2
470,SH000198,10.12.2019,18:30:00,358.4,48.0,723.2,0.0,1129.6
471,SH000198,10.12.2019,19:00:00,360.0,48.0,726.4,0.0,1134.4
472,SH000198,10.12.2019,19:30:00,359.2,48.0,724.8,0.0,1132.0
473,SH000198,10.12.2019,20:00:00,360.0,48.8,726.4,0.0,1135.2
474,SH000198,10.12.2019,20:30:00,355.2,44.8,716.8,0.0,1116.8
475,SH000198,10.12.2019,21:00:00,352.8,43.2,712.0,0.0,1108.0
476,SH000198,10.12.2019,21:30:00,365.6,51.2,737.6,0.0,1154.4
477,SH000198,10.12.2019,22:00:00,356.8,44.8,720.0,0.0,1121.6
478,SH000198,10.12.2019,22:30:00,357.6,46.4,721.6,0.0,1125.6
479,SH000198,10.12.2019,23:00:00,356.0,44.8,716.8,0.0,1117.6
480,SH000198,10.12.2019,23:30:00,350.4,44.8,707.2,0.0,1102.4
481,SH000198,11.12.2019,00:00:00,331.2,32.8,665.6,0.0,1029.6
482,SH000198,11.12.2019,00:30:00,335.2,40.0,675.2,0.0,1050.4
483,SH000198,11.12.2019,01:00:00,334.4,44.0,675.2,0.0,1053.6
484,SH000198,11.12.2019,01:30:00,315.2,28.8,633.6,0.0,977.6
485,SH000198,11.12.2019,02:00:00,315.2,35.2,635.2,0.0,985.6
486,SH000198,11.12.2019,02:30:00,316.0,35.2,636.8,0.0,988.0
487,SH000198,11.12.2019,03:00:00,325.6,44.0,657.6,0.0,1027.2
488,SH000198,11.12.2019,03:30:00,312.0,34.4,630.4,0.0,976.8
489,SH000198,11.12.2019,04:00:00,309.6,32.0,622.4,0.0,964.0
490,SH000198,11.12.2019,04:30:00,315.2,38.4,635.2,0.0,988.8
491,SH000198,11.12.2019,05:00:00,312.0,34.4,628.8,0.0,975.1999999999999
492,SH000198,11.12.2019,05:30:00,310.4,33.6,625.6,0.0,969.6
493,SH000198,11.12.2019,06:00:00,308.0,28.0,617.6,0.0,953.6
494,SH000198,11.12.2019,06:30:00,332.0,40.0,670.4,0.0,1042.4
495,SH000198,11.12.2019,07:00:00,322.4,32.0,649.6,0.0,1004.0
496,SH000198,11.12.2019,07:30:00,332.8,34.4,668.8,0.0,1036.0
497,SH000198,11.12.2019,08:00:00,334.4,37.6,672.0,0.0,1044.0
498,SH000198,11.12.2019,08:30:00,339.2,36.0,684.8,0.0,1060.0
499,SH000198,11.12.2019,09:00:00,341.6,39.2,688.0,0.0,1068.8
500,SH000198,11.12.2019,09:30:00,343.2,39.2,692.8,0.0,1075.1999999999998
501,SH000198,11.12.2019,10:00:00,346.4,43.2,699.2,0.0,1088.8
502,SH000198,11.12.2019,10:30:00,348.8,44.0,704.0,0.0,1096.8
503,SH000198,11.12.2019,11:00:00,343.2,40.0,691.2,0.0,1074.4
504,SH000198,11.12.2019,11:30:00,348.0,38.4,700.8,0.0,1087.1999999999998
505,SH000198,11.12.2019,12:00:00,356.8,46.4,720.0,0.0,1123.2
506,SH000198,11.12.2019,12:30:00,357.6,48.0,721.6,0.0,1127.2
507,SH000198,11.12.2019,13:00:00,358.4,50.4,723.2,0.0,1132.0
508,SH000198,11.12.2019,13:30:00,349.6,44.0,705.6,0.0,1099.2
509,SH000198,11.12.2019,14:00:00,361.6,51.2,731.2,0.0,1144.0
510,SH000198,11.12.2019,14:30:00,360.0,48.8,726.4,0.0,1135.2
511,SH000198,11.12.2019,15:00:00,356.0,48.8,718.4,0.0,1123.2
512,SH000198,11.12.2019,15:30:00,356.0,44.8,716.8,0.0,1117.6
513,SH000198,11.12.2019,16:00:00,351.2,44.0,707.2,0.0,1102.4
514,SH000198,11.12.2019,16:30:00,349.6,40.0,704.0,0.0,1093.6
515,SH000198,11.12.2019,17:00:00,356.0,49.6,718.4,0.0,1124.0
516,SH000198,11.12.2019,17:30:00,356.8,50.4,723.2,0.0,1130.4
517,SH000198,11.12.2019,18:00:00,355.2,45.6,715.2,0.0,1116.0
518,SH000198,11.12.2019,18:30:00,360.8,49.6,728.0,0.0,1138.4
519,SH000198,11.12.2019,19:00:00,356.0,48.0,718.4,0.0,1122.4
520,SH000198,11.12.2019,19:30:00,346.4,44.0,697.6,0.0,1088.0
521,SH000198,11.12.2019,20:00:00,346.4,38.4,697.6,0.0,1082.4
522,SH000198,11.12.2019,20:30:00,347.2,41.6,700.8,0.0,1089.6
523,SH000198,11.12.2019,21:00:00,346.4,36.8,696.0,0.0,1079.2
524,SH000198,11.12.2019,21:30:00,348.0,40.0,702.4,0.0,1090.4
525,SH000198,11.12.2019,22:00:00,348.0,38.4,700.8,0.0,1087.1999999999998
526,SH000198,11.12.2019,22:30:00,343.2,35.2,689.6,0.0,1068.0
527,SH000198,11.12.2019,23:00:00,340.0,33.6,683.2,0.0,1056.8000000000002
528,SH000198,11.12.2019,23:30:00,344.0,40.8,694.4,0.0,1079.2
529,SH000198,12.12.2019,00:00:00,336.8,39.2,678.4,0.0,1054.4
530,SH000198,12.12.2019,00:30:00,320.8,28.0,644.8,0.0,993.5999999999999
531,SH000198,12.12.2019,01:00:00,331.2,39.2,667.2,0.0,1037.6
532,SH000198,12.12.2019,01:30:00,316.0,32.8,635.2,0.0,984.0
533,SH000198,12.12.2019,02:00:00,314.4,33.6,633.6,0.0,981.6
534,SH000198,12.12.2019,02:30:00,304.8,28.8,614.4,0.0,948.0
535,SH000198,12.12.2019,03:00:00,307.2,32.0,619.2,0.0,958.4000000000001
536,SH000198,12.12.2019,03:30:00,306.4,29.6,616.0,0.0,952.0
537,SH000198,12.12.2019,04:00:00,304.8,31.2,612.8,0.0,948.8
538,SH000198,12.12.2019,04:30:00,307.2,31.2,617.6,0.0,956.0
539,SH000198,12.12.2019,05:00:00,296.0,24.8,593.6,0.0,914.4000000000001
540,SH000198,12.12.2019,05:30:00,316.0,35.2,636.8,0.0,988.0
541,SH000198,12.12.2019,06:00:00,311.2,29.6,627.2,0.0,968.0
542,SH000198,12.12.2019,06:30:00,316.0,31.2,636.8,0.0,984.0
543,SH000198,12.12.2019,07:00:00,324.0,33.6,651.2,0.0,1008.8000000000001
544,SH000198,12.12.2019,07:30:00,325.6,32.8,654.4,0.0,1012.8
545,SH000198,12.12.2019,08:00:00,332.0,37.6,667.2,0.0,1036.8000000000002
546,SH000198,12.12.2019,08:30:00,330.4,35.2,665.6,0.0,1031.2
547,SH000198,12.12.2019,09:00:00,336.0,35.2,675.2,0.0,1046.4
548,SH000198,12.12.2019,09:30:00,340.8,40.0,688.0,0.0,1068.8
549,SH000198,12.12.2019,10:00:00,334.4,35.2,672.0,0.0,1041.6
550,SH000198,12.12.2019,10:30:00,347.2,41.6,700.8,0.0,1089.6
551,SH000198,12.12.2019,11:00:00,338.4,33.6,680.0,0.0,1052.0
552,SH000198,12.12.2019,11:30:00,348.8,44.0,704.0,0.0,1096.8
553,SH000198,12.12.2019,12:00:00,349.6,42.4,705.6,0.0,1097.6
554,SH000198,12.12.2019,12:30:00,347.2,40.8,699.2,0.0,1087.2
555,SH000198,12.12.2019,13:00:00,368.0,48.8,742.4,0.0,1159.2
556,SH000198,12.12.2019,13:30:00,388.0,57.6,782.4,0.0,1228.0
557,SH000198,12.12.2019,14:00:00,383.2,55.2,774.4,0.0,1212.8
558,SH000198,12.12.2019,14:30:00,384.8,56.8,777.6,0.0,1219.2
559,SH000198,12.12.2019,15:00:00,384.0,57.6,776.0,0.0,1217.6
560,SH000198,12.12.2019,15:30:00,377.6,47.2,761.6,0.0,1186.4
561,SH000198,12.12.2019,16:00:00,373.6,20.0,748.8,0.0,1142.4
562,SH000198,12.12.2019,16:30:00,377.6,16.8,758.4,0.0,1152.8
563,SH000198,12.12.2019,17:00:00,375.2,15.2,750.4,0.0,1140.8
564,SH000198,12.12.2019,17:30:00,374.4,11.2,750.4,0.0,1136.0
565,SH000198,12.12.2019,18:00:00,372.0,11.2,744.0,0.0,1127.2
566,SH000198,12.12.2019,18:30:00,372.0,11.2,745.6,0.0,1128.8
567,SH000198,12.12.2019,19:00:00,372.0,11.2,744.0,0.0,1127.2
568,SH000198,12.12.2019,19:30:00,376.8,11.2,753.6,0.0,1141.6
569,SH000198,12.12.2019,20:00:00,374.4,11.2,748.8,0.0,1134.3999999999999
570,SH000198,12.12.2019,20:30:00,373.6,12.0,748.8,0.0,1134.4
571,SH000198,12.12.2019,21:00:00,376.0,12.0,752.0,0.0,1140.0
572,SH000198,12.12.2019,21:30:00,373.6,11.2,747.2,0.0,1132.0
573,SH000198,12.12.2019,22:00:00,373.6,12.8,748.8,0.0,1135.2
574,SH000198,12.12.2019,22:30:00,372.0,12.0,744.0,0.0,1128.0
575,SH000198,12.12.2019,23:00:00,364.8,10.4,729.6,0.0,1104.8
576,SH000198,12.12.2019,23:30:00,361.6,9.6,724.8,0.0,1096.0
577,SH000198,13.12.2019,00:00:00,358.4,9.6,716.8,0.0,1084.8
578,SH000198,13.12.2019,00:30:00,352.8,9.6,705.6,0.0,1068.0
579,SH000198,13.12.2019,01:00:00,348.0,9.6,696.0,0.0,1053.6
580,SH000198,13.12.2019,01:30:00,343.2,9.6,686.4,0.0,1039.2
581,SH000198,13.12.2019,02:00:00,337.6,9.6,675.2,0.0,1022.4000000000001
582,SH000198,13.12.2019,02:30:00,336.8,8.8,673.6,0.0,1019.2
583,SH000198,13.12.2019,03:00:00,334.4,8.8,670.4,0.0,1013.5999999999999
584,SH000198,13.12.2019,03:30:00,332.8,9.6,665.6,0.0,1008.0
585,SH000198,13.12.2019,04:00:00,329.6,8.0,659.2,0.0,996.8000000000001
586,SH000198,13.12.2019,04:30:00,333.6,9.6,667.2,0.0,1010.4000000000001
587,SH000198,13.12.2019,05:00:00,333.6,9.6,667.2,0.0,1010.4000000000001
588,SH000198,13.12.2019,05:30:00,333.6,8.8,667.2,0.0,1009.6000000000001
589,SH000198,13.12.2019,06:00:00,336.0,8.8,672.0,0.0,1016.8
590,SH000198,13.12.2019,06:30:00,341.6,9.6,683.2,0.0,1034.4
591,SH000198,13.12.2019,07:00:00,346.4,9.6,694.4,0.0,1050.4
592,SH000198,13.12.2019,07:30:00,349.6,9.6,699.2,0.0,1058.4
593,SH000198,13.12.2019,08:00:00,352.8,9.6,705.6,0.0,1068.0
594,SH000198,13.12.2019,08:30:00,354.4,9.6,708.8,0.0,1072.8
595,SH000198,13.12.2019,09:00:00,356.0,9.6,713.6,0.0,1079.2
596,SH000198,13.12.2019,09:30:00,359.2,11.2,721.6,0.0,1092.0
597,SH000198,13.12.2019,10:00:00,361.6,11.2,723.2,0.0,1096.0
598,SH000198,13.12.2019,10:30:00,363.2,11.2,726.4,0.0,1100.8
599,SH000198,13.12.2019,11:00:00,365.6,11.2,732.8,0.0,1109.6
600,SH000198,13.12.2019,11:30:00,367.2,11.2,736.0,0.0,1114.4
601,SH000198,13.12.2019,12:00:00,368.8,11.2,737.6,0.0,1117.6
602,SH000198,13.12.2019,12:30:00,371.2,11.2,742.4,0.0,1124.8
603,SH000198,13.12.2019,13:00:00,372.0,11.2,744.0,0.0,1127.2
604,SH000198,13.12.2019,13:30:00,372.8,11.2,745.6,0.0,1129.6
605,SH000198,13.12.2019,14:00:00,368.0,11.2,736.0,0.0,1115.2
606,SH000198,13.12.2019,14:30:00,340.8,8.8,681.6,0.0,1031.2
607,SH000198,13.12.2019,15:00:00,359.2,10.4,720.0,0.0,1089.6
608,SH000198,13.12.2019,15:30:00,346.4,9.6,692.8,0.0,1048.8
609,SH000198,13.12.2019,16:00:00,344.0,9.6,688.0,0.0,1041.6
610,SH000198,13.12.2019,16:30:00,344.0,9.6,688.0,0.0,1041.6
611,SH000198,13.12.2019,17:00:00,342.4,9.6,684.8,0.0,1036.8
612,SH000198,13.12.2019,17:30:00,348.0,9.6,696.0,0.0,1053.6
613,SH000198,13.12.2019,18:00:00,337.6,9.6,675.2,0.0,1022.4000000000001
614,SH000198,13.12.2019,18:30:00,348.0,9.6,696.0,0.0,1053.6
615,SH000198,13.12.2019,19:00:00,348.0,9.6,696.0,0.0,1053.6
616,SH000198,13.12.2019,19:30:00,348.0,10.4,696.0,0.0,1054.4
617,SH000198,13.12.2019,20:00:00,348.0,10.4,696.0,0.0,1054.4
618,SH000198,13.12.2019,20:30:00,344.0,8.8,688.0,0.0,1040.8
619,SH000198,13.12.2019,21:00:00,344.0,8.8,688.0,0.0,1040.8
620,SH000198,13.12.2019,21:30:00,348.0,9.6,696.0,0.0,1053.6
621,SH000198,13.12.2019,22:00:00,352.0,11.2,704.0,0.0,1067.2
622,SH000198,13.12.2019,22:30:00,348.8,9.6,697.6,0.0,1056.0
623,SH000198,13.12.2019,23:00:00,348.8,11.2,699.2,0.0,1059.2
624,SH000198,13.12.2019,23:30:00,335.2,9.6,672.0,0.0,1016.8
625,SH000198,14.12.2019,00:00:00,331.2,8.8,662.4,0.0,1002.4
626,SH000198,14.12.2019,00:30:00,333.6,9.6,667.2,0.0,1010.4000000000001
627,SH000198,14.12.2019,01:00:00,322.4,8.8,644.8,0.0,976.0
628,SH000198,14.12.2019,01:30:00,314.4,8.0,628.8,0.0,951.1999999999999
629,SH000198,14.12.2019,02:00:00,316.8,8.0,633.6,0.0,958.4000000000001
630,SH000198,14.12.2019,02:30:00,305.6,8.0,612.8,0.0,926.4
631,SH000198,14.12.2019,03:00:00,315.2,8.0,630.4,0.0,953.5999999999999
632,SH000198,14.12.2019,03:30:00,301.6,6.4,603.2,0.0,911.2
633,SH000198,14.12.2019,04:00:00,308.8,8.0,617.6,0.0,934.4000000000001
634,SH000198,14.12.2019,04:30:00,294.4,7.2,588.8,0.0,890.3999999999999
635,SH000198,14.12.2019,05:00:00,320.8,8.0,641.6,0.0,970.4000000000001
636,SH000198,14.12.2019,05:30:00,313.6,8.0,628.8,0.0,950.4
637,SH000198,14.12.2019,06:00:00,307.2,8.8,614.4,0.0,930.4
638,SH000198,14.12.2019,06:30:00,318.4,8.8,636.8,0.0,964.0
639,SH000198,14.12.2019,07:00:00,322.4,9.6,646.4,0.0,978.4
640,SH000198,14.12.2019,07:30:00,326.4,9.6,652.8,0.0,988.8
641,SH000198,14.12.2019,08:00:00,323.2,10.4,646.4,0.0,980.0
642,SH000198,14.12.2019,08:30:00,332.0,9.6,664.0,0.0,1005.6
643,SH000198,14.12.2019,09:00:00,337.6,9.6,675.2,0.0,1022.4000000000001
644,SH000198,14.12.2019,09:30:00,338.4,10.4,678.4,0.0,1027.1999999999998
645,SH000198,14.12.2019,10:00:00,332.0,11.2,664.0,0.0,1007.2
646,SH000198,14.12.2019,10:30:00,354.4,11.2,708.8,0.0,1074.3999999999999
647,SH000198,14.12.2019,11:00:00,352.0,10.4,705.6,0.0,1068.0
648,SH000198,14.12.2019,11:30:00,354.4,11.2,708.8,0.0,1074.3999999999999
649,SH000198,14.12.2019,12:00:00,356.8,11.2,713.6,0.0,1081.6
650,SH000198,14.12.2019,12:30:00,356.8,11.2,713.6,0.0,1081.6
651,SH000198,14.12.2019,13:00:00,358.4,11.2,716.8,0.0,1086.3999999999999
652,SH000198,14.12.2019,13:30:00,359.2,11.2,718.4,0.0,1088.8
653,SH000198,14.12.2019,14:00:00,360.0,11.2,720.0,0.0,1091.2
654,SH000198,14.12.2019,14:30:00,360.8,11.2,721.6,0.0,1093.6
655,SH000198,14.12.2019,15:00:00,242.4,8.0,486.4,0.0,736.8
656,SH000198,14.12.2019,15:30:00,357.6,10.4,715.2,0.0,1083.2
657,SH000198,14.12.2019,16:00:00,356.8,9.6,713.6,0.0,1080.0
658,SH000198,14.12.2019,16:30:00,352.8,9.6,705.6,0.0,1068.0
659,SH000198,14.12.2019,17:00:00,356.0,11.2,713.6,0.0,1080.8
660,SH000198,14.12.2019,17:30:00,353.6,9.6,707.2,0.0,1070.4
661,SH000198,14.12.2019,18:00:00,353.6,9.6,707.2,0.0,1070.4
662,SH000198,14.12.2019,18:30:00,349.6,11.2,700.8,0.0,1061.6
663,SH000198,14.12.2019,19:00:00,353.6,12.0,707.2,0.0,1072.8000000000002
664,SH000198,14.12.2019,19:30:00,360.8,11.2,721.6,0.0,1093.6
665,SH000198,14.12.2019,20:00:00,357.6,11.2,716.8,0.0,1085.6
666,SH000198,14.12.2019,20:30:00,353.6,11.2,707.2,0.0,1072.0
667,SH000198,14.12.2019,21:00:00,359.2,12.8,718.4,0.0,1090.4
668,SH000198,14.12.2019,21:30:00,352.8,11.2,707.2,0.0,1071.2
669,SH000198,14.12.2019,22:00:00,350.4,11.2,700.8,0.0,1062.3999999999999
670,SH000198,14.12.2019,22:30:00,358.4,12.0,716.8,0.0,1087.1999999999998
671,SH000198,14.12.2019,23:00:00,348.0,9.6,697.6,0.0,1055.2
672,SH000198,14.12.2019,23:30:00,338.4,10.4,676.8,0.0,1025.6
673,SH000198,15.12.2019,00:00:00,339.2,11.2,680.0,0.0,1030.4
674,SH000198,15.12.2019,00:30:00,322.4,8.8,644.8,0.0,976.0
675,SH000198,15.12.2019,01:00:00,324.0,9.6,649.6,0.0,983.2
676,SH000198,15.12.2019,01:30:00,320.0,8.0,640.0,0.0,968.0
677,SH000198,15.12.2019,02:00:00,317.6,8.8,635.2,0.0,961.6000000000001
678,SH000198,15.12.2019,02:30:00,317.6,8.0,635.2,0.0,960.8000000000001
679,SH000198,15.12.2019,03:00:00,310.4,8.0,620.8,0.0,939.1999999999999
680,SH000198,15.12.2019,03:30:00,305.6,8.8,611.2,0.0,925.6000000000001
681,SH000198,15.12.2019,04:00:00,307.2,8.0,614.4,0.0,929.5999999999999
682,SH000198,15.12.2019,04:30:00,307.2,7.2,614.4,0.0,928.8
683,SH000198,15.12.2019,05:00:00,311.2,8.0,624.0,0.0,943.2
684,SH000198,15.12.2019,05:30:00,303.2,8.0,606.4,0.0,917.5999999999999
685,SH000198,15.12.2019,06:00:00,313.6,8.0,627.2,0.0,948.8000000000001
686,SH000198,15.12.2019,06:30:00,327.2,8.8,654.4,0.0,990.4
687,SH000198,15.12.2019,07:00:00,317.6,8.0,635.2,0.0,960.8000000000001
688,SH000198,15.12.2019,07:30:00,328.0,8.0,656.0,0.0,992.0
689,SH000198,15.12.2019,08:00:00,328.8,8.0,657.6,0.0,994.4000000000001
690,SH000198,15.12.2019,08:30:00,324.8,8.0,649.6,0.0,982.4000000000001
691,SH000198,15.12.2019,09:00:00,340.0,9.6,680.0,0.0,1029.6
692,SH000198,15.12.2019,09:30:00,340.8,10.4,681.6,0.0,1032.8
693,SH000198,15.12.2019,10:00:00,340.0,11.2,680.0,0.0,1031.2
694,SH000198,15.12.2019,10:30:00,344.8,11.2,689.6,0.0,1045.6
695,SH000198,15.12.2019,11:00:00,348.8,10.4,697.6,0.0,1056.8
696,SH000198,15.12.2019,11:30:00,352.8,9.6,705.6,0.0,1068.0
697,SH000198,15.12.2019,12:00:00,349.6,9.6,699.2,0.0,1058.4
698,SH000198,15.12.2019,12:30:00,350.4,11.2,700.8,0.0,1062.3999999999999
699,SH000198,15.12.2019,13:00:00,356.8,11.2,715.2,0.0,1083.2
700,SH000198,15.12.2019,13:30:00,359.2,11.2,718.4,0.0,1088.8
701,SH000198,15.12.2019,14:00:00,360.8,12.8,723.2,0.0,1096.8000000000002
702,SH000198,15.12.2019,14:30:00,360.0,12.8,723.2,0.0,1096.0
703,SH000198,15.12.2019,15:00:00,361.6,12.0,723.2,0.0,1096.8000000000002
704,SH000198,15.12.2019,15:30:00,351.2,11.2,702.4,0.0,1064.8
705,SH000198,15.12.2019,16:00:00,359.2,11.2,720.0,0.0,1090.4
706,SH000198,15.12.2019,16:30:00,352.8,11.2,707.2,0.0,1071.2
707,SH000198,15.12.2019,17:00:00,352.0,11.2,704.0,0.0,1067.2
708,SH000198,15.12.2019,17:30:00,346.4,11.2,692.8,0.0,1050.3999999999999
709,SH000198,15.12.2019,18:00:00,353.6,9.6,707.2,0.0,1070.4
710,SH000198,15.12.2019,18:30:00,352.8,10.4,705.6,0.0,1068.8
711,SH000198,15.12.2019,19:00:00,349.6,10.4,699.2,0.0,1059.2
712,SH000198,15.12.2019,19:30:00,349.6,10.4,699.2,0.0,1059.2
713,SH000198,15.12.2019,20:00:00,351.2,10.4,702.4,0.0,1064.0
714,SH000198,15.12.2019,20:30:00,358.4,11.2,716.8,0.0,1086.3999999999999
715,SH000198,15.12.2019,21:00:00,342.4,10.4,684.8,0.0,1037.6
716,SH000198,15.12.2019,21:30:00,360.8,12.8,721.6,0.0,1095.2
717,SH000198,15.12.2019,22:00:00,355.2,12.0,710.4,0.0,1077.6
718,SH000198,15.12.2019,22:30:00,345.6,11.2,691.2,0.0,1048.0
719,SH000198,15.12.2019,23:00:00,348.0,10.4,696.0,0.0,1054.4
720,SH000198,15.12.2019,23:30:00,336.0,10.4,672.0,0.0,1018.4
721,SH000198,16.12.2019,00:00:00,332.0,9.6,664.0,0.0,1005.6
722,SH000198,16.12.2019,00:30:00,329.6,10.4,659.2,0.0,999.2
723,SH000198,16.12.2019,01:00:00,329.6,9.6,659.2,0.0,998.4000000000001
724,SH000198,16.12.2019,01:30:00,317.6,8.0,636.8,0.0,962.4
725,SH000198,16.12.2019,02:00:00,313.6,9.6,628.8,0.0,952.0
726,SH000198,16.12.2019,02:30:00,313.6,9.6,628.8,0.0,952.0
727,SH000198,16.12.2019,03:00:00,315.2,8.0,630.4,0.0,953.5999999999999
728,SH000198,16.12.2019,03:30:00,296.8,7.2,593.6,0.0,897.6
729,SH000198,16.12.2019,04:00:00,312.0,9.6,625.6,0.0,947.2
730,SH000198,16.12.2019,04:30:00,304.0,8.0,608.0,0.0,920.0
731,SH000198,16.12.2019,05:00:00,312.0,8.0,624.0,0.0,944.0
732,SH000198,16.12.2019,05:30:00,308.8,7.2,617.6,0.0,933.6
733,SH000198,16.12.2019,06:00:00,312.8,7.2,625.6,0.0,945.6
734,SH000198,16.12.2019,06:30:00,309.6,6.4,619.2,0.0,935.2
735,SH000198,16.12.2019,07:00:00,314.4,7.2,628.8,0.0,950.3999999999999
736,SH000198,16.12.2019,07:30:00,320.0,8.0,640.0,0.0,968.0
737,SH000198,16.12.2019,08:00:00,325.6,8.0,652.8,0.0,986.4
738,SH000198,16.12.2019,08:30:00,328.0,8.0,656.0,0.0,992.0
739,SH000198,16.12.2019,09:00:00,330.4,8.0,660.8,0.0,999.1999999999999
740,SH000198,16.12.2019,09:30:00,332.0,8.0,664.0,0.0,1004.0
741,SH000198,16.12.2019,10:00:00,340.0,8.8,680.0,0.0,1028.8
742,SH000198,16.12.2019,10:30:00,352.8,11.2,705.6,0.0,1069.6
743,SH000198,16.12.2019,11:00:00,355.2,11.2,710.4,0.0,1076.8
744,SH000198,16.12.2019,11:30:00,366.4,11.2,734.4,0.0,1112.0
745,SH000198,16.12.2019,12:00:00,389.6,12.8,779.2,0.0,1181.6000000000001
746,SH000198,16.12.2019,12:30:00,369.6,11.2,739.2,0.0,1120.0
747,SH000198,16.12.2019,13:00:00,356.8,11.2,713.6,0.0,1081.6
748,SH000198,16.12.2019,13:30:00,364.0,12.0,728.0,0.0,1104.0
749,SH000198,16.12.2019,14:00:00,360.8,12.0,721.6,0.0,1094.4
750,SH000198,16.12.2019,14:30:00,361.6,12.0,724.8,0.0,1098.4
751,SH000198,16.12.2019,15:00:00,360.8,11.2,723.2,0.0,1095.2
752,SH000198,16.12.2019,15:30:00,360.0,11.2,720.0,0.0,1091.2
753,SH000198,16.12.2019,16:00:00,360.0,12.0,720.0,0.0,1092.0
754,SH000198,16.12.2019,16:30:00,357.6,12.0,716.8,0.0,1086.4
755,SH000198,16.12.2019,17:00:00,356.8,12.8,713.6,0.0,1083.2
756,SH000198,16.12.2019,17:30:00,356.8,11.2,713.6,0.0,1081.6
757,SH000198,16.12.2019,18:00:00,358.4,12.0,716.8,0.0,1087.1999999999998
758,SH000198,16.12.2019,18:30:00,358.4,12.8,716.8,0.0,1088.0
759,SH000198,16.12.2019,19:00:00,360.0,12.8,720.0,0.0,1092.8
760,SH000198,16.12.2019,19:30:00,351.2,10.4,702.4,0.0,1064.0
761,SH000198,16.12.2019,20:00:00,360.8,11.2,721.6,0.0,1093.6
762,SH000198,16.12.2019,20:30:00,362.4,11.2,724.8,0.0,1098.3999999999999
763,SH000198,16.12.2019,21:00:00,362.4,11.2,726.4,0.0,1100.0
764,SH000198,16.12.2019,21:30:00,355.2,10.4,710.4,0.0,1076.0
765,SH000198,16.12.2019,22:00:00,362.4,11.2,726.4,0.0,1100.0
766,SH000198,16.12.2019,22:30:00,348.8,9.6,697.6,0.0,1056.0
767,SH000198,16.12.2019,23:00:00,358.4,10.4,718.4,0.0,1087.1999999999998
768,SH000198,16.12.2019,23:30:00,343.2,10.4,686.4,0.0,1040.0
769,SH000198,17.12.2019,00:00:00,331.2,8.0,662.4,0.0,1001.5999999999999
770,SH000198,17.12.2019,00:30:00,333.6,9.6,667.2,0.0,1010.4000000000001
771,SH000198,17.12.2019,01:00:00,330.4,9.6,662.4,0.0,1002.4
772,SH000198,17.12.2019,01:30:00,327.2,8.0,654.4,0.0,989.5999999999999
773,SH000198,17.12.2019,02:00:00,322.4,8.8,644.8,0.0,976.0
774,SH000198,17.12.2019,02:30:00,314.4,8.0,630.4,0.0,952.8
775,SH000198,17.12.2019,03:00:00,312.8,8.0,627.2,0.0,948.0
776,SH000198,17.12.2019,03:30:00,308.8,7.2,617.6,0.0,933.6
777,SH000198,17.12.2019,04:00:00,326.4,9.6,652.8,0.0,988.8
778,SH000198,17.12.2019,04:30:00,308.0,7.2,616.0,0.0,931.2
779,SH000198,17.12.2019,05:00:00,312.8,8.8,625.6,0.0,947.2
780,SH000198,17.12.2019,05:30:00,321.6,8.8,643.2,0.0,973.6000000000001
781,SH000198,17.12.2019,06:00:00,314.4,7.2,628.8,0.0,950.3999999999999
782,SH000198,17.12.2019,06:30:00,321.6,8.0,644.8,0.0,974.4
783,SH000198,17.12.2019,07:00:00,326.4,8.0,652.8,0.0,987.1999999999999
784,SH000198,17.12.2019,07:30:00,341.6,9.6,683.2,0.0,1034.4
785,SH000198,17.12.2019,08:00:00,336.8,8.8,673.6,0.0,1019.2
786,SH000198,17.12.2019,08:30:00,332.8,9.6,665.6,0.0,1008.0
787,SH000198,17.12.2019,09:00:00,346.4,9.6,694.4,0.0,1050.4
788,SH000198,17.12.2019,09:30:00,349.6,10.4,699.2,0.0,1059.2
789,SH000198,17.12.2019,10:00:00,351.2,9.6,702.4,0.0,1063.2
790,SH000198,17.12.2019,10:30:00,354.4,9.6,708.8,0.0,1072.8
791,SH000198,17.12.2019,11:00:00,356.0,9.6,712.0,0.0,1077.6
792,SH000198,17.12.2019,11:30:00,357.6,10.4,715.2,0.0,1083.2
793,SH000198,17.12.2019,12:00:00,358.4,11.2,716.8,0.0,1086.3999999999999
794,SH000198,17.12.2019,12:30:00,358.4,11.2,718.4,0.0,1088.0
795,SH000198,17.12.2019,13:00:00,361.6,11.2,723.2,0.0,1096.0
796,SH000198,17.12.2019,13:30:00,360.8,10.4,721.6,0.0,1092.8
797,SH000198,17.12.2019,14:00:00,361.6,11.2,723.2,0.0,1096.0
798,SH000198,17.12.2019,14:30:00,361.6,11.2,723.2,0.0,1096.0
799,SH000198,17.12.2019,15:00:00,362.4,11.2,724.8,0.0,1098.3999999999999
800,SH000198,17.12.2019,15:30:00,360.8,11.2,721.6,0.0,1093.6
801,SH000198,17.12.2019,16:00:00,360.8,11.2,721.6,0.0,1093.6
802,SH000198,17.12.2019,16:30:00,359.2,10.4,718.4,0.0,1088.0
803,SH000198,17.12.2019,17:00:00,356.8,9.6,713.6,0.0,1080.0
804,SH000198,17.12.2019,17:30:00,356.0,10.4,712.0,0.0,1078.4
805,SH000198,17.12.2019,18:00:00,356.0,9.6,712.0,0.0,1077.6
806,SH000198,17.12.2019,18:30:00,358.4,9.6,716.8,0.0,1084.8
807,SH000198,17.12.2019,19:00:00,358.4,10.4,716.8,0.0,1085.6
808,SH000198,17.12.2019,19:30:00,360.0,9.6,721.6,0.0,1091.2
809,SH000198,17.12.2019,20:00:00,355.2,11.2,710.4,0.0,1076.8
810,SH000198,17.12.2019,20:30:00,360.8,11.2,721.6,0.0,1093.6
811,SH000198,17.12.2019,21:00:00,359.2,11.2,718.4,0.0,1088.8
812,SH000198,17.12.2019,21:30:00,357.6,9.6,716.8,0.0,1084.0
813,SH000198,17.12.2019,22:00:00,360.0,10.4,720.0,0.0,1090.4
814,SH000198,17.12.2019,22:30:00,352.0,10.4,704.0,0.0,1066.4
815,SH000198,17.12.2019,23:00:00,354.4,10.4,708.8,0.0,1073.6
816,SH000198,17.12.2019,23:30:00,350.4,9.6,700.8,0.0,1060.8
817,SH000198,18.12.2019,00:00:00,346.4,9.6,692.8,0.0,1048.8
818,SH000198,18.12.2019,00:30:00,340.0,9.6,680.0,0.0,1029.6
819,SH000198,18.12.2019,01:00:00,323.2,8.0,646.4,0.0,977.5999999999999
820,SH000198,18.12.2019,01:30:00,320.0,8.0,640.0,0.0,968.0
821,SH000198,18.12.2019,02:00:00,319.2,10.4,638.4,0.0,968.0
822,SH000198,18.12.2019,02:30:00,311.2,8.0,622.4,0.0,941.5999999999999
823,SH000198,18.12.2019,03:00:00,306.4,8.0,612.8,0.0,927.1999999999999
824,SH000198,18.12.2019,03:30:00,321.6,8.8,644.8,0.0,975.2
825,SH000198,18.12.2019,04:00:00,308.0,8.0,616.0,0.0,932.0
826,SH000198,18.12.2019,04:30:00,303.2,8.0,608.0,0.0,919.2
827,SH000198,18.12.2019,05:00:00,304.0,8.0,608.0,0.0,920.0
828,SH000198,18.12.2019,05:30:00,305.6,7.2,611.2,0.0,924.0
829,SH000198,18.12.2019,06:00:00,308.8,8.0,617.6,0.0,934.4000000000001
830,SH000198,18.12.2019,06:30:00,310.4,8.0,620.8,0.0,939.1999999999999
831,SH000198,18.12.2019,07:00:00,316.0,8.0,632.0,0.0,956.0
832,SH000198,18.12.2019,07:30:00,319.2,8.0,638.4,0.0,965.5999999999999
833,SH000198,18.12.2019,08:00:00,324.0,8.0,648.0,0.0,980.0
834,SH000198,18.12.2019,08:30:00,327.2,8.0,654.4,0.0,989.5999999999999
835,SH000198,18.12.2019,09:00:00,328.0,8.0,656.0,0.0,992.0
836,SH000198,18.12.2019,09:30:00,330.4,9.6,660.8,0.0,1000.8
837,SH000198,18.12.2019,10:00:00,331.2,8.8,664.0,0.0,1004.0
838,SH000198,18.12.2019,10:30:00,337.6,9.6,675.2,0.0,1022.4000000000001
839,SH000198,18.12.2019,11:00:00,349.6,10.4,699.2,0.0,1059.2
840,SH000198,18.12.2019,11:30:00,347.2,9.6,694.4,0.0,1051.2
841,SH000198,18.12.2019,12:00:00,337.6,9.6,675.2,0.0,1022.4000000000001
842,SH000198,18.12.2019,12:30:00,338.4,8.8,676.8,0.0,1024.0
843,SH000198,18.12.2019,13:00:00,339.2,8.8,678.4,0.0,1026.4
844,SH000198,18.12.2019,13:30:00,340.8,9.6,681.6,0.0,1032.0
845,SH000198,18.12.2019,14:00:00,340.8,9.6,683.2,0.0,1033.6000000000001
846,SH000198,18.12.2019,14:30:00,320.0,8.8,640.0,0.0,968.8
847,SH000198,18.12.2019,15:00:00,345.6,9.6,691.2,0.0,1046.4
848,SH000198,18.12.2019,15:30:00,369.6,10.4,739.2,0.0,1119.2
849,SH000198,18.12.2019,16:00:00,358.4,11.2,716.8,0.0,1086.3999999999999
850,SH000198,18.12.2019,16:30:00,360.0,11.2,721.6,0.0,1092.8
851,SH000198,18.12.2019,17:00:00,356.0,12.0,712.0,0.0,1080.0
852,SH000198,18.12.2019,17:30:00,355.2,10.4,712.0,0.0,1077.6
853,SH000198,18.12.2019,18:00:00,353.6,11.2,707.2,0.0,1072.0
854,SH000198,18.12.2019,18:30:00,356.8,11.2,713.6,0.0,1081.6
855,SH000198,18.12.2019,19:00:00,352.8,11.2,705.6,0.0,1069.6
856,SH000198,18.12.2019,19:30:00,358.4,11.2,716.8,0.0,1086.3999999999999
857,SH000198,18.12.2019,20:00:00,359.2,11.2,718.4,0.0,1088.8
858,SH000198,18.12.2019,20:30:00,357.6,9.6,716.8,0.0,1084.0
859,SH000198,18.12.2019,21:00:00,351.2,9.6,704.0,0.0,1064.8
860,SH000198,18.12.2019,21:30:00,360.8,9.6,724.8,0.0,1095.2
861,SH000198,18.12.2019,22:00:00,361.6,10.4,723.2,0.0,1095.2
862,SH000198,18.12.2019,22:30:00,352.8,10.4,705.6,0.0,1068.8
863,SH000198,18.12.2019,23:00:00,353.6,10.4,708.8,0.0,1072.8
864,SH000198,18.12.2019,23:30:00,350.4,9.6,700.8,0.0,1060.8
